game;away_score;data;form_minute_1;form_minute_10;form_minute_11;form_minute_12;form_minute_13;form_minute_14;form_minute_15;form_minute_16;form_minute_17;form_minute_18;form_minute_19;form_minute_2;form_minute_20;form_minute_21;form_minute_22;form_minute_23;form_minute_24;form_minute_25;form_minute_26;form_minute_27;form_minute_28;form_minute_29;form_minute_3;form_minute_30;form_minute_31;form_minute_32;form_minute_33;form_minute_34;form_minute_35;form_minute_36;form_minute_37;form_minute_38;form_minute_39;form_minute_4;form_minute_40;form_minute_41;form_minute_42;form_minute_43;form_minute_44;form_minute_45;form_minute_45.5;form_minute_46;form_minute_47;form_minute_48;form_minute_49;form_minute_5;form_minute_50;form_minute_51;form_minute_52;form_minute_53;form_minute_54;form_minute_55;form_minute_56;form_minute_57;form_minute_58;form_minute_59;form_minute_6;form_minute_60;form_minute_61;form_minute_62;form_minute_63;form_minute_64;form_minute_65;form_minute_66;form_minute_67;form_minute_68;form_minute_69;form_minute_7;form_minute_70;form_minute_71;form_minute_72;form_minute_73;form_minute_74;form_minute_75;form_minute_76;form_minute_77;form_minute_78;form_minute_79;form_minute_8;form_minute_80;form_minute_81;form_minute_82;form_minute_83;form_minute_84;form_minute_85;form_minute_86;form_minute_87;form_minute_88;form_minute_89;form_minute_9;form_minute_90;form_minute_90.5;home_score;hora;result;team_away;team_home
MUN X BOU 2016-05-17;1;2016-05-17;;;;;;;;;;;;;;;;;;;;;;;;;;;;;;;;;;;;;;;;;;;;;;;;;;;;;;;;;;;;;;;;;;;;;;;;;;;;;;;;;;;;;;;;;;;;;3;17:00:00;1;BOU;MUN
MCI X LIV 2014-08-25;1;2014-08-25;;;;;;;;;;;;;;;;;;;;;;;;;;;;;;;;;;;;;;;;;;;;;;;;;;;;;;;;;;;;;;;;;;;;;;;;;;;;;;;;;;;;;;;;;;;;;3;17:00:00;1;LIV;MCI
MCI X TOT 2014-10-18;1;2014-10-18;;;;;;;;;;;;;;;;;;;;;;;;;;;;;;;;;;;;;;;;;;;;;;;;;;;;;;;;;;;;;;;;;;;;;;;;;;;;;;;;;;;;;;;;;;;;;4;09:45:00;1;TOT;MCI
NEW X CHE 2014-12-06;1;2014-12-06;;;;;;;;;;;;;;;;;;;;;;;;;;;;;;;;;;;;;;;;;;;;;;;;;;;;;;;;;;;;;;;;;;;;;;;;;;;;;;;;;;;;;;;;;;;;;2;10:45:00;1;CHE;NEW
CHE X MCI 2015-01-31;1;2015-01-31;;;;;;;;;;;;;;;;;;;;;;;;;;;;;;;;;;;;;;;;;;;;;;;;;;;;;;;;;;;;;;;;;;;;;;;;;;;;;;;;;;;;;;;;;;;;;1;15:30:00;0;MCI;CHE
ARS X ASV 2015-02-01;0;2015-02-01;;;;;;;;;;;;;;;;;;;;;;;;;;;;;;;;;;;;;;;;;;;;;;;;;;;;;;;;;;;;;;;;;;;;;;;;;;;;;;;;;;;;;;;;;;;;;5;11:30:00;1;ASV;ARS
ARS X ASV 2015-02-01;0;2015-02-01;-3.0;3.0;75.0;42.0;17.0;5.0;-3.0;-12.0;-9.0;-6.0;-12.0;-3.0;-10.0;-8.0;27.0;17.0;4.0;2.0;-76.0;-42.0;-11.0;-7.0;-9.0;5.0;4.0;1.0;-31.0;-19.0;30.0;14.0;7.0;-11.0;5.0;-2.0;-2.0;-7.0;-10.0;40.0;18.0;20.0;40.0;10.0;5.0;2.0;-1.0;-3.0;-2.0;-2.0;35.0;18.0;20.0;11.0;10.0;17.0;9.0;4.0;-9.0;6.0;2.0;-1.0;-1.0;-6.0;5.0;-1.0;-1.0;-1.0;-6.0;-7.0;-30.0;-18.0;-12.0;-6.0;-3.0;1.0;75.0;45.0;22.0;13.0;-61.0;-30.0;-12.0;-2.0;1.0;-9.0;21.0;20.0;16.0;40.0;25.0;38.0;-31.0;-30.0;5;11:30:00;1;ASV;ARS
ARS X ASV 2015-02-01;0;2015-02-01;-6.0;-3.0;23.0;4.0;-3.0;-3.0;-33.0;-23.0;-15.0;-16.0;-6.0;-3.0;3.0;-3.0;-2.0;-8.0;-7.0;-1.0;3.0;28.0;15.0;15.0;-2.0;40.0;20.0;16.0;11.0;48.0;22.0;15.0;10.0;27.0;14.0;-1.0;100.0;64.0;39.0;26.0;50.0;60.0;0.0;34.0;20.0;-54.0;-32.0;-6.0;-46.0;-50.0;-38.0;-16.0;47.0;20.0;6.0;1.0;-4.0;27.0;-3.0;10.0;3.0;-9.0;-7.0;-5.0;31.0;-60.0;-43.0;-24.0;-13.0;5.0;-9.0;1.0;-40.0;-16.0;-9.0;-4.0;51.0;-50.0;-20.0;-11.0;-3.0;-5.0;21.0;12.0;9.0;6.0;4.0;7.0;5.0;2.0;-1.0;-2.0;75.0;20.0;5;11:30:00;1;ASV;ARS
ARS X ASV 2015-02-01;0;2015-02-01;-1.0;-59.0;-36.0;-20.0;-10.0;8.0;-3.0;-23.0;-15.0;-11.0;-9.0;-1.0;-12.0;-18.0;-12.0;-14.0;23.0;6.0;2.0;-3.0;-3.0;-5.0;-1.0;-5.0;-5.0;43.0;16.0;7.0;7.0;-11.0;-11.0;-81.0;-53.0;-2.0;-37.0;-21.0;-17.0;-10.0;-11.0;-11.0;35.0;-6.0;-8.0;-10.0;-11.0;4.0;-12.0;-12.0;-82.0;-48.0;-33.0;-55.0;-39.0;-5.0;-10.0;-8.0;-21.0;-25.0;-11.0;58.0;22.0;5.0;-8.0;-4.0;8.0;-3.0;3.0;-52.0;-3.0;-7.0;-37.0;-64.0;-100.0;-76.0;-47.0;-18.0;-10.0;-2.0;-92.0;72.0;4.0;-3.0;-3.0;-9.0;-4.0;-8.0;-2.0;27.0;32.0;-61.0;-3.0;10.0;5;11:30:00;1;ASV;ARS
LEI X CHE 2015-04-29;3;2015-04-29;-1.0;2.0;31.0;20.0;16.0;4.0;-6.0;-4.0;-3.0;-2.0;-21.0;-5.0;-13.0;50.0;24.0;14.0;9.0;5.0;-1.0;-25.0;-20.0;-47.0;-3.0;-33.0;-20.0;25.0;5.0;-24.0;-12.0;-15.0;-19.0;27.0;37.0;-2.0;19.0;49.0;16.0;4.0;-9.0;-7.0;75.0;-7.0;-10.0;-87.0;-88.0;5.0;-58.0;-35.0;-52.0;-36.0;-30.0;-21.0;-17.0;-7.0;-7.0;-8.0;3.0;-13.0;-32.0;-23.0;-48.0;-32.0;-53.0;-9.0;21.0;7.0;1.0;3.0;-23.0;-15.0;28.0;7.0;1.0;-3.0;-3.0;-6.0;-6.0;-100.0;-4.0;-77.0;-43.0;-28.0;-94.0;-49.0;-32.0;-27.0;-18.0;-13.0;-10.0;2.0;-8.0;-5.0;1;16:45:00;-1;CHE;LEI
LEI X CHE 2015-04-29;3;2015-04-29;1.0;2.0;2.0;-4.0;2.0;47.0;28.0;18.0;7.0;5.0;-3.0;1.0;32.0;24.0;61.0;100.0;63.0;37.0;28.0;44.0;62.0;34.0;-4.0;21.0;14.0;2.0;-19.0;-9.0;-4.0;-1.0;1.0;2.0;-5.0;2.0;-6.0;-2.0;-1.0;6.0;4.0;-5.0;40.0;1.0;-5.0;6.0;2.0;2.0;2.0;2.0;12.0;36.0;16.0;9.0;-6.0;-31.0;-21.0;30.0;6.0;14.0;3.0;-6.0;-1.0;-8.0;-10.0;-6.0;-98.0;-64.0;-38.0;5.0;-22.0;-24.0;40.0;19.0;10.0;6.0;3.0;-6.0;5.0;-1.0;9.0;-1.0;-10.0;-10.0;6.0;-4.0;-2.0;11.0;1.0;1.0;1.0;2.0;-25.0;150.0;1;16:45:00;-1;CHE;LEI
LEI X CHE 2015-04-29;3;2015-04-29;3.0;3.0;3.0;-3.0;8.0;-3.0;-3.0;73.0;39.0;59.0;38.0;-3.0;46.0;30.0;21.0;-32.0;-15.0;-12.0;-5.0;19.0;39.0;21.0;3.0;15.0;7.0;10.0;2.0;-7.0;-15.0;-5.0;-1.0;-2.0;-2.0;3.0;6.0;-5.0;-5.0;-1.0;17.0;4.0;5.0;-4.0;7.0;-4.0;-24.0;4.0;-18.0;-13.0;-11.0;-4.0;-3.0;-4.0;18.0;-43.0;28.0;-8.0;34.0;3.0;3.0;51.0;25.0;-43.0;-19.0;-14.0;-14.0;28.0;6.0;17.0;31.0;15.0;-24.0;-14.0;-11.0;-12.0;-6.0;-80.0;-51.0;-27.0;12.0;58.0;27.0;20.0;10.0;3.0;-3.0;3.0;3.0;-32.0;-19.0;-8.0;38.0;0.0;1;16:45:00;-1;CHE;LEI
LEI X CHE 2015-04-29;3;2015-04-29;5.0;14.0;9.0;39.0;27.0;20.0;20.0;16.0;11.0;10.0;9.0;7.0;14.0;17.0;34.0;54.0;55.0;36.0;20.0;34.0;26.0;18.0;14.0;-11.0;10.0;7.0;7.0;6.0;1.0;1.0;2.0;33.0;21.0;18.0;31.0;86.0;54.0;32.0;21.0;3.0;-5.0;-3.0;3.0;-38.0;-20.0;16.0;-5.0;3.0;23.0;37.0;24.0;-108.0;-53.0;-31.0;33.0;9.0;64.0;16.0;32.0;51.0;25.0;17.0;12.0;3.0;3.0;4.0;4.0;42.0;55.0;30.0;25.0;17.0;17.0;9.0;8.0;36.0;24.0;-38.0;29.0;23.0;37.0;27.0;93.0;56.0;34.0;10.0;8.0;8.0;7.0;16.0;7.0;-50.0;1;16:45:00;-1;CHE;LEI
LEI X CHE 2015-04-29;3;2015-04-29;10.0;25.0;25.0;20.0;12.0;31.0;16.0;13.0;16.0;8.0;12.0;15.0;11.0;10.0;4.0;-17.0;-4.0;4.0;-2.0;4.0;7.0;8.0;59.0;4.0;2.0;5.0;7.0;8.0;49.0;74.0;48.0;32.0;23.0;45.0;10.0;7.0;38.0;-36.0;10.0;-5.0;75.0;4.0;9.0;34.0;3.0;37.0;11.0;5.0;-17.0;-6.0;4.0;44.0;49.0;34.0;26.0;22.0;27.0;11.0;-19.0;-1.0;7.0;9.0;12.0;35.0;47.0;29.0;23.0;16.0;74.0;72.0;42.0;25.0;-35.0;-15.0;106.0;61.0;32.0;17.0;51.0;6.0;-3.0;-8.0;4.0;4.0;6.0;27.0;51.0;34.0;98.0;35.0;4.0;75.0;1;16:45:00;-1;CHE;LEI
LEI X CHE 2015-04-29;3;2015-04-29;1.0;10.0;3.0;1.0;-7.0;-13.0;-15.0;-45.0;-27.0;-22.0;-18.0;1.0;-11.0;-5.0;-10.0;-27.0;-17.0;-17.0;-41.0;-26.0;-15.0;-10.0;-1.0;-7.0;-3.0;-8.0;-1.0;4.0;-7.0;29.0;13.0;6.0;1.0;-1.0;9.0;1.0;19.0;10.0;-42.0;39.0;-5.0;21.0;11.0;-27.0;59.0;-1.0;43.0;19.0;10.0;1.0;-84.0;-48.0;-29.0;-23.0;-45.0;-22.0;20.0;-4.0;-4.0;-8.0;-3.0;-8.0;-6.0;-5.0;-13.0;29.0;11.0;10.0;-7.0;-7.0;-3.0;9.0;1.0;-47.0;-27.0;-17.0;-12.0;-8.0;-6.0;9.0;3.0;-2.0;-2.0;9.0;8.0;8.0;9.0;4.0;-2.0;-1.0;-77.0;40.0;1;16:45:00;-1;CHE;LEI
LEI X CHE 2015-04-29;3;2015-04-29;1.0;2.0;-6.0;40.0;27.0;16.0;4.0;3.0;5.0;6.0;4.0;-1.0;42.0;30.0;17.0;10.0;1.0;-2.0;-1.0;5.0;2.0;21.0;30.0;12.0;7.0;-15.0;-51.0;-26.0;36.0;6.0;-5.0;28.0;11.0;12.0;-25.0;-31.0;-23.0;-20.0;-61.0;-39.0;-50.0;-5.0;-5.0;-26.0;-13.0;7.0;-40.0;-21.0;-20.0;-13.0;-10.0;-11.0;-14.0;-10.0;-14.0;-40.0;4.0;28.0;-3.0;2.0;-23.0;-52.0;-100.0;-33.0;-82.0;-50.0;-69.0;2.0;-100.0;-72.0;-41.0;-26.0;-19.0;-2.0;-3.0;-3.0;-4.0;-3.0;-1.0;-4.0;-14.0;73.0;36.0;24.0;12.0;6.0;-3.0;-8.0;-2.0;5.0;-3.0;35.0;1;16:45:00;-1;CHE;LEI
LEI X CHE 2015-04-29;3;2015-04-29;-3.0;-3.0;3.0;-3.0;-48.0;-21.0;28.0;-28.0;-13.0;-7.0;-12.0;-4.0;-10.0;-9.0;-6.0;-3.0;-2.0;-1.0;-1.0;5.0;6.0;7.0;7.0;48.0;32.0;98.0;62.0;40.0;24.0;12.0;-3.0;-2.0;-4.0;-3.0;-4.0;-4.0;-4.0;-4.0;-4.0;-43.0;5.0;-7.0;-6.0;-63.0;-32.0;-23.0;-16.0;-16.0;10.0;4.0;2.0;11.0;-11.0;-2.0;-6.0;5.0;-16.0;-4.0;-5.0;-47.0;-11.0;-11.0;-15.0;-7.0;-5.0;-8.0;-8.0;-17.0;-3.0;-6.0;-7.0;-7.0;-9.0;-11.0;-6.0;-4.0;-2.0;20.0;-8.0;16.0;4.0;2.0;1.0;5.0;76.0;45.0;56.0;-36.0;-1.0;-2.0;-1.0;-70.0;1;16:45:00;-1;CHE;LEI
LEI X CHE 2015-04-29;3;2015-04-29;2.0;18.0;13.0;3.0;3.0;3.0;-4.0;2.0;41.0;26.0;12.0;2.0;-114.0;-41.0;-26.0;-14.0;42.0;27.0;18.0;14.0;32.0;25.0;18.0;24.0;18.0;9.0;7.0;-26.0;-9.0;-2.0;-5.0;-3.0;1.0;12.0;-5.0;-2.0;1.0;21.0;52.0;32.0;0.0;-40.0;-43.0;30.0;6.0;8.0;3.0;79.0;48.0;26.0;45.0;26.0;4.0;7.0;-11.0;-5.0;1.0;55.0;30.0;17.0;-11.0;-1.0;-4.0;5.0;20.0;32.0;19.0;77.0;16.0;22.0;19.0;22.0;21.0;20.0;23.0;16.0;10.0;7.0;46.0;5.0;34.0;21.0;19.0;13.0;9.0;-4.0;7.0;5.0;-74.0;29.0;2.0;-70.0;1;16:45:00;-1;CHE;LEI
LEI X CHE 2015-04-29;3;2015-04-29;-1.0;-30.0;-21.0;-16.0;-10.0;-13.0;-1.0;22.0;16.0;69.0;60.0;4.0;64.0;35.0;19.0;-77.0;-38.0;-46.0;-18.0;-12.0;-7.0;-5.0;-7.0;-3.0;-3.0;-3.0;-27.0;-17.0;-11.0;-27.0;44.0;17.0;14.0;-9.0;2.0;1.0;-8.0;-10.0;-7.0;-2.0;10.0;-5.0;-3.0;-1.0;1.0;-9.0;-5.0;31.0;16.0;9.0;6.0;-5.0;-2.0;-41.0;-64.0;-43.0;-8.0;41.0;8.0;38.0;25.0;15.0;6.0;4.0;-10.0;-5.0;6.0;-9.0;5.0;-6.0;15.0;23.0;8.0;4.0;-6.0;-7.0;-11.0;-11.0;-38.0;-12.0;-12.0;-12.0;-12.0;-33.0;19.0;-1.0;29.0;20.0;17.0;-45.0;-2.0;10.0;1;16:45:00;-1;CHE;LEI
LEI X CHE 2015-04-29;3;2015-04-29;65.0;12.0;42.0;30.0;33.0;15.0;14.0;11.0;7.0;4.0;-45.0;42.0;-29.0;-16.0;-9.0;-4.0;41.0;45.0;32.0;25.0;20.0;85.0;29.0;49.0;30.0;48.0;38.0;22.0;18.0;16.0;13.0;12.0;17.0;71.0;10.0;11.0;6.0;54.0;36.0;52.0;-40.0;-1.0;5.0;42.0;27.0;46.0;18.0;12.0;83.0;68.0;42.0;27.0;17.0;6.0;4.0;4.0;7.0;-29.0;-8.0;29.0;17.0;44.0;32.0;22.0;15.0;-17.0;-3.0;8.0;9.0;7.0;8.0;14.0;12.0;15.0;12.0;51.0;33.0;28.0;8.0;80.0;51.0;11.0;10.0;9.0;14.0;12.0;12.0;10.0;10.0;5.0;8.0;-25.0;1;16:45:00;-1;CHE;LEI
LEI X CHE 2015-04-29;3;2015-04-29;1.0;-10.0;-8.0;-4.0;-1.0;1.0;-5.0;-30.0;-12.0;-6.0;22.0;1.0;41.0;78.0;100.0;73.0;13.0;6.0;6.0;12.0;36.0;25.0;1.0;25.0;16.0;59.0;39.0;34.0;16.0;11.0;-29.0;-13.0;-7.0;1.0;-2.0;77.0;48.0;100.0;59.0;31.0;15.0;2.0;-4.0;4.0;-2.0;1.0;19.0;8.0;-7.0;-2.0;4.0;4.0;-2.0;-2.0;19.0;-12.0;1.0;4.0;4.0;1.0;-2.0;-7.0;-11.0;-8.0;-6.0;19.0;2.0;1.0;5.0;1.0;-62.0;-37.0;-16.0;31.0;-35.0;46.0;21.0;12.0;-5.0;5.0;6.0;1.0;-75.0;-44.0;-31.0;-18.0;-10.0;-5.0;-63.0;6.0;-30.0;-15.0;1;16:45:00;-1;CHE;LEI
LEI X CHE 2015-04-29;3;2015-04-29;1.0;-42.0;-23.0;-12.0;-6.0;2.0;23.0;75.0;41.0;26.0;21.0;1.0;13.0;4.0;-39.0;-19.0;32.0;13.0;9.0;69.0;73.0;42.0;1.0;21.0;19.0;8.0;44.0;28.0;19.0;63.0;39.0;22.0;-18.0;7.0;23.0;9.0;7.0;11.0;80.0;48.0;80.0;-3.0;-1.0;1.0;1.0;5.0;-30.0;-21.0;-17.0;-14.0;-8.0;-7.0;-3.0;-21.0;-16.0;-59.0;4.0;-34.0;-20.0;-10.0;6.0;-5.0;6.0;-5.0;-15.0;-9.0;31.0;3.0;10.0;6.0;8.0;8.0;10.0;59.0;38.0;20.0;15.0;16.0;2.0;9.0;78.0;49.0;32.0;96.0;65.0;36.0;39.0;26.0;13.0;-24.0;-29.0;40.0;1;16:45:00;-1;CHE;LEI
LEI X CHE 2015-04-29;3;2015-04-29;1.0;6.0;4.0;6.0;4.0;8.0;10.0;6.0;4.0;-5.0;1.0;1.0;1.0;1.0;5.0;-20.0;-8.0;-4.0;-22.0;-7.0;-2.0;1.0;1.0;-4.0;1.0;-5.0;-7.0;6.0;-5.0;-1.0;31.0;18.0;11.0;-10.0;73.0;44.0;-29.0;-1.0;-29.0;-11.0;20.0;2.0;2.0;2.0;2.0;-5.0;2.0;2.0;2.0;-19.0;-23.0;-18.0;-5.0;-3.0;10.0;11.0;6.0;31.0;-46.0;-10.0;95.0;56.0;-41.0;-31.0;-4.0;10.0;5.0;26.0;10.0;13.0;31.0;52.0;36.0;75.0;49.0;32.0;21.0;22.0;16.0;9.0;39.0;68.0;45.0;60.0;48.0;33.0;13.0;40.0;28.0;10.0;-38.0;105.0;1;16:45:00;-1;CHE;LEI
LEI X CHE 2015-04-29;3;2015-04-29;2.0;5.0;21.0;-28.0;-16.0;-52.0;-33.0;-83.0;-84.0;-100.0;-72.0;-3.0;-63.0;-43.0;-23.0;-8.0;-5.0;25.0;14.0;13.0;12.0;7.0;-7.0;-31.0;-56.0;-34.0;-20.0;40.0;13.0;10.0;-76.0;-41.0;-17.0;-51.0;-10.0;-6.0;-36.0;-24.0;-60.0;-76.0;0.0;-6.0;-68.0;-50.0;-35.0;-33.0;-26.0;-50.0;-30.0;-22.0;-18.0;-3.0;1.0;-4.0;42.0;26.0;-22.0;16.0;11.0;8.0;3.0;3.0;-19.0;-48.0;-27.0;-9.0;32.0;-10.0;14.0;9.0;3.0;-2.0;-9.0;-7.0;-6.0;38.0;18.0;14.0;8.0;6.0;47.0;23.0;11.0;9.0;4.0;28.0;14.0;36.0;14.0;12.0;6.0;-35.0;1;16:45:00;-1;CHE;LEI
LEI X CHE 2015-04-29;3;2015-04-29;10.0;33.0;-29.0;-3.0;2.0;-2.0;-5.0;-5.0;-3.0;-6.0;-3.0;15.0;-1.0;71.0;41.0;20.0;-25.0;-7.0;-9.0;51.0;27.0;24.0;19.0;41.0;21.0;-29.0;-13.0;-9.0;-12.0;-6.0;1.0;6.0;4.0;81.0;23.0;14.0;9.0;10.0;-10.0;-5.0;-5.0;-6.0;-7.0;-8.0;-8.0;55.0;-8.0;-38.0;-26.0;-9.0;27.0;9.0;4.0;-4.0;-4.0;-8.0;33.0;-5.0;-8.0;-5.0;-8.0;-90.0;-79.0;-72.0;55.0;1.0;7.0;20.0;26.0;18.0;7.0;9.0;11.0;15.0;9.0;25.0;15.0;13.0;13.0;7.0;59.0;34.0;-40.0;-6.0;4.0;-5.0;4.0;-7.0;-3.0;54.0;-2.0;5.0;1;16:45:00;-1;CHE;LEI
LEI X CHE 2015-04-29;3;2015-04-29;-7.0;-6.0;-5.0;48.0;23.0;12.0;-23.0;-10.0;18.0;7.0;-4.0;34.0;-4.0;-4.0;27.0;8.0;1.0;-4.0;-30.0;-23.0;-17.0;-14.0;15.0;-92.0;-16.0;-53.0;-35.0;-94.0;-53.0;-43.0;-26.0;-19.0;-12.0;7.0;-13.0;-8.0;-11.0;-12.0;-33.0;-25.0;;-21.0;-14.0;-10.0;-6.0;3.0;8.0;-43.0;-25.0;-47.0;-30.0;-16.0;28.0;10.0;-13.0;-4.0;-2.0;8.0;73.0;41.0;27.0;14.0;5.0;-54.0;-34.0;-23.0;-11.0;-3.0;-33.0;-28.0;-60.0;-58.0;-33.0;-50.0;-72.0;-43.0;37.0;4.0;3.0;1.0;-34.0;-20.0;-17.0;-8.0;-13.0;-38.0;-25.0;-18.0;-19.0;-8.0;-9.0;45.0;1;16:45:00;-1;CHE;LEI
LEI X CHE 2015-04-29;3;2015-04-29;1.0;-1.0;-21.0;75.0;-71.0;-20.0;-17.0;-4.0;-8.0;-1.0;-80.0;1.0;-53.0;-32.0;-19.0;-17.0;-9.0;-5.0;-3.0;-2.0;-6.0;10.0;1.0;-11.0;-4.0;-13.0;8.0;3.0;-38.0;-17.0;-11.0;8.0;8.0;30.0;10.0;-23.0;-6.0;8.0;-28.0;3.0;30.0;-3.0;-37.0;-18.0;-8.0;17.0;-1.0;4.0;7.0;27.0;19.0;19.0;14.0;71.0;48.0;27.0;30.0;58.0;36.0;18.0;7.0;11.0;5.0;4.0;4.0;-4.0;-43.0;12.0;-24.0;-17.0;-13.0;62.0;41.0;86.0;93.0;57.0;31.0;20.0;6.0;14.0;27.0;22.0;20.0;-29.0;22.0;57.0;35.0;27.0;15.0;1.0;42.0;50.0;1;16:45:00;-1;CHE;LEI
LEI X CHE 2015-04-29;3;2015-04-29;1.0;16.0;10.0;4.0;3.0;-4.0;2.0;22.0;13.0;9.0;14.0;5.0;11.0;79.0;47.0;27.0;-21.0;-3.0;40.0;13.0;8.0;15.0;-59.0;39.0;20.0;7.0;3.0;21.0;15.0;8.0;5.0;7.0;5.0;-31.0;-23.0;-8.0;8.0;3.0;4.0;3.0;20.0;4.0;5.0;1.0;-32.0;-17.0;-14.0;-5.0;4.0;-2.0;5.0;11.0;90.0;57.0;42.0;48.0;-9.0;72.0;40.0;22.0;16.0;11.0;7.0;7.0;8.0;8.0;13.0;42.0;81.0;51.0;34.0;28.0;20.0;50.0;71.0;44.0;-38.0;-35.0;31.0;-27.0;-17.0;-33.0;32.0;12.0;9.0;2.0;10.0;10.0;8.0;25.0;1.0;70.0;1;16:45:00;-1;CHE;LEI
LEI X CHE 2015-04-29;3;2015-04-29;5.0;74.0;36.0;19.0;20.0;21.0;12.0;12.0;12.0;11.0;100.0;7.0;67.0;39.0;23.0;18.0;6.0;10.0;4.0;5.0;15.0;6.0;-15.0;5.0;26.0;8.0;6.0;81.0;48.0;27.0;21.0;42.0;14.0;-7.0;8.0;-5.0;1.0;6.0;-5.0;1.0;30.0;1.0;1.0;-35.0;26.0;-1.0;-5.0;-5.0;-7.0;-6.0;-10.0;-40.0;-28.0;-10.0;-4.0;-5.0;-2.0;2.0;7.0;5.0;24.0;16.0;10.0;37.0;18.0;10.0;7.0;-3.0;30.0;17.0;22.0;14.0;9.0;15.0;42.0;22.0;22.0;21.0;-7.0;15.0;10.0;12.0;7.0;-4.0;-19.0;-10.0;-10.0;-10.0;-4.0;-1.0;-40.0;0.0;1;16:45:00;-1;CHE;LEI
SWA X LIV 2015-03-16;1;2015-03-16;5.0;3.0;3.0;3.0;26.0;18.0;-18.0;-1.0;-3.0;-10.0;-48.0;-51.0;-29.0;-15.0;-7.0;7.0;6.0;5.0;14.0;9.0;6.0;-34.0;-23.0;-16.0;37.0;16.0;11.0;45.0;33.0;23.0;10.0;47.0;46.0;-14.0;48.0;29.0;15.0;-33.0;-19.0;-3.0;-5.0;-3.0;8.0;-3.0;-3.0;8.0;3.0;3.0;-3.0;3.0;-2.0;-1.0;-22.0;-30.0;-64.0;-55.0;13.0;39.0;23.0;13.0;4.0;2.0;-3.0;-4.0;-44.0;-27.0;-92.0;13.0;-61.0;-38.0;-21.0;-9.0;3.0;-7.0;-33.0;-56.0;-35.0;-23.0;-28.0;-19.0;-11.0;-5.0;-4.0;4.0;-2.0;-1.0;-7.0;-4.0;-3.0;-3.0;-6.0;-50.0;0;18:00:00;-1;LIV;SWA
MCI X WBA 2015-03-21;0;2015-03-21;6.0;18.0;17.0;11.0;48.0;58.0;41.0;70.0;48.0;32.0;53.0;9.0;38.0;26.0;27.0;57.0;38.0;29.0;23.0;100.0;72.0;54.0;22.0;38.0;29.0;81.0;55.0;68.0;47.0;69.0;43.0;32.0;23.0;19.0;20.0;100.0;72.0;49.0;100.0;75.0;70.0;3.0;43.0;32.0;21.0;13.0;14.0;100.0;87.0;53.0;73.0;85.0;38.0;64.0;40.0;100.0;8.0;86.0;100.0;87.0;50.0;24.0;13.0;-17.0;-5.0;4.0;34.0;6.0;24.0;19.0;10.0;-62.0;-1.0;4.0;5.0;27.0;100.0;61.0;4.0;36.0;25.0;13.0;6.0;8.0;9.0;29.0;27.0;20.0;31.0;28.0;5.0;35.0;3;10:45:00;1;WBA;MCI
ASV X SWA 2015-03-21;1;2015-03-21;-6.0;3.0;10.0;4.0;-3.0;-2.0;-3.0;-4.0;-4.0;-4.0;-9.0;-11.0;-7.0;-11.0;-4.0;-4.0;-44.0;-48.0;-35.0;-23.0;-16.0;8.0;-9.0;9.0;3.0;-3.0;-3.0;38.0;18.0;4.0;-23.0;-38.0;-31.0;-13.0;-24.0;-20.0;-11.0;-10.0;-16.0;-15.0;-5.0;-6.0;6.0;7.0;-15.0;-11.0;-4.0;11.0;-5.0;-39.0;-92.0;-54.0;51.0;31.0;12.0;9.0;-49.0;2.0;-1.0;2.0;-9.0;-8.0;-28.0;-20.0;-15.0;-17.0;-8.0;-36.0;-7.0;-8.0;26.0;9.0;-25.0;-9.0;-25.0;-17.0;-10.0;-4.0;-24.0;35.0;20.0;6.0;-6.0;5.0;30.0;17.0;-46.0;-51.0;35.0;-4.0;-1.0;30.0;0;13:00:00;-1;SWA;ASV
ASV X SWA 2015-03-21;1;2015-03-21;1.0;-2.0;-1.0;-2.0;-8.0;-31.0;-19.0;-13.0;19.0;10.0;6.0;1.0;2.0;-7.0;-5.0;-9.0;-12.0;-50.0;-97.0;-60.0;-58.0;-100.0;1.0;-41.0;-17.0;18.0;2.0;4.0;-3.0;3.0;-3.0;-10.0;-9.0;1.0;-4.0;-1.0;-4.0;-6.0;-12.0;-11.0;-15.0;2.0;-4.0;7.0;80.0;1.0;79.0;78.0;44.0;32.0;15.0;-19.0;-7.0;7.0;2.0;3.0;1.0;5.0;64.0;39.0;25.0;16.0;71.0;69.0;38.0;21.0;12.0;5.0;1.0;-7.0;-4.0;20.0;49.0;28.0;16.0;9.0;3.0;-41.0;3.0;-45.0;-27.0;-17.0;-11.0;5.0;-6.0;-3.0;80.0;65.0;37.0;-2.0;22.0;-40.0;0;13:00:00;-1;SWA;ASV
ASV X SWA 2015-03-21;1;2015-03-21;7.0;14.0;10.0;3.0;3.0;3.0;3.0;3.0;9.0;12.0;9.0;-4.0;8.0;6.0;5.0;-28.0;-72.0;-60.0;-34.0;-18.0;-6.0;52.0;6.0;34.0;17.0;32.0;26.0;14.0;5.0;5.0;3.0;38.0;65.0;10.0;41.0;71.0;44.0;65.0;-38.0;23.0;10.0;-8.0;-6.0;28.0;11.0;10.0;9.0;-8.0;1.0;31.0;12.0;3.0;8.0;5.0;1.0;36.0;10.0;22.0;13.0;3.0;-5.0;-23.0;-43.0;-45.0;-25.0;-14.0;51.0;60.0;32.0;84.0;74.0;48.0;28.0;10.0;5.0;8.0;36.0;23.0;40.0;11.0;-28.0;-11.0;-32.0;-17.0;-8.0;32.0;24.0;23.0;15.0;22.0;-28.0;-35.0;0;13:00:00;-1;SWA;ASV
STO X CRY 2015-03-21;2;2015-03-21;1.0;-35.0;-13.0;63.0;64.0;46.0;100.0;65.0;37.0;22.0;21.0;1.0;9.0;8.0;3.0;4.0;-6.0;-3.0;-3.0;-2.0;-2.0;-31.0;1.0;-24.0;-15.0;25.0;18.0;12.0;6.0;8.0;2.0;-26.0;-45.0;11.0;-28.0;-92.0;-55.0;-32.0;-17.0;-26.0;-75.0;-14.0;-26.0;-18.0;-4.0;7.0;12.0;7.0;-29.0;62.0;-29.0;-44.0;-24.0;-40.0;32.0;45.0;-5.0;63.0;35.0;31.0;14.0;13.0;28.0;20.0;19.0;64.0;81.0;1.0;99.0;62.0;39.0;22.0;16.0;7.0;5.0;4.0;3.0;3.0;1.0;-19.0;-48.0;-32.0;-13.0;32.0;16.0;14.0;5.0;13.0;12.0;-4.0;28.0;40.0;1;13:00:00;-1;CRY;STO
STO X CRY 2015-03-21;2;2015-03-21;3.0;7.0;-40.0;-21.0;78.0;47.0;29.0;28.0;20.0;9.0;8.0;-3.0;3.0;5.0;6.0;37.0;25.0;13.0;11.0;10.0;2.0;4.0;3.0;6.0;7.0;7.0;-7.0;4.0;-2.0;9.0;15.0;11.0;47.0;3.0;29.0;-79.0;-91.0;-53.0;-33.0;2.0;-30.0;1.0;2.0;12.0;-24.0;4.0;-83.0;-48.0;-32.0;-19.0;-8.0;4.0;7.0;29.0;51.0;35.0;99.0;19.0;-71.0;-27.0;-14.0;-4.0;80.0;60.0;39.0;57.0;38.0;61.0;16.0;8.0;9.0;37.0;26.0;20.0;16.0;-11.0;-33.0;-20.0;39.0;-8.0;-1.0;4.0;27.0;20.0;45.0;30.0;21.0;14.0;31.0;-23.0;-32.0;-45.0;1;13:00:00;-1;CRY;STO
WES X SUN 2015-03-21;0;2015-03-21;1.0;-6.0;-1.0;3.0;5.0;9.0;-28.0;-11.0;21.0;48.0;68.0;2.0;43.0;26.0;29.0;20.0;9.0;6.0;4.0;21.0;18.0;11.0;3.0;-10.0;-1.0;46.0;-45.0;-10.0;-6.0;-3.0;-1.0;7.0;9.0;-18.0;10.0;15.0;13.0;52.0;65.0;-10.0;-40.0;-14.0;-43.0;-26.0;-11.0;-7.0;-7.0;-4.0;-31.0;-19.0;-22.0;-14.0;-9.0;-4.0;-3.0;-2.0;-7.0;-2.0;-7.0;-35.0;-21.0;15.0;4.0;2.0;2.0;40.0;26.0;-2.0;18.0;19.0;14.0;29.0;50.0;37.0;25.0;-37.0;-36.0;-20.0;-39.0;-9.0;-2.0;4.0;-17.0;-9.0;-2.0;4.0;3.0;6.0;82.0;-14.0;9.0;5.0;1;15:30:00;1;SUN;WES
WES X SUN 2015-03-21;0;2015-03-21;-5.0;-10.0;-9.0;-9.0;-13.0;-86.0;-55.0;-36.0;-25.0;27.0;-14.0;-2.0;-4.0;4.0;4.0;-2.0;-2.0;-2.0;-8.0;-57.0;-35.0;-22.0;-21.0;-15.0;-10.0;-9.0;-7.0;4.0;29.0;19.0;10.0;-7.0;-22.0;-12.0;-17.0;-12.0;-9.0;-14.0;-16.0;-18.0;-40.0;-5.0;-21.0;-6.0;-8.0;-11.0;-8.0;-3.0;-4.0;-2.0;-5.0;27.0;19.0;18.0;6.0;-79.0;-10.0;-45.0;-31.0;-23.0;-17.0;-8.0;-14.0;-12.0;-15.0;-18.0;-19.0;-9.0;72.0;27.0;17.0;2.0;-4.0;-5.0;7.0;-4.0;-9.0;-4.0;-13.0;-6.0;-8.0;17.0;3.0;-4.0;-4.0;12.0;-4.0;3.0;1.0;-11.0;-2.0;-5.0;1;15:30:00;1;SUN;WES
WES X SUN 2015-03-21;0;2015-03-21;2.0;-76.0;-15.0;-9.0;15.0;44.0;86.0;48.0;28.0;15.0;-6.0;2.0;-4.0;-7.0;-35.0;-21.0;20.0;3.0;2.0;48.0;100.0;94.0;-82.0;50.0;39.0;48.0;21.0;8.0;3.0;-2.0;-9.0;28.0;10.0;-43.0;38.0;20.0;5.0;28.0;14.0;8.0;50.0;-3.0;-9.0;-3.0;-20.0;-26.0;-40.0;-22.0;-31.0;-12.0;7.0;-4.0;-4.0;2.0;2.0;-4.0;35.0;2.0;-14.0;-6.0;-2.0;82.0;100.0;47.0;14.0;10.0;16.0;10.0;-19.0;-4.0;7.0;5.0;-2.0;29.0;20.0;-77.0;-40.0;-25.0;11.0;-19.0;-13.0;-4.0;-4.0;-9.0;-7.0;24.0;9.0;9.0;4.0;6.0;54.0;0.0;1;15:30:00;1;SUN;WES
WES X SUN 2015-03-21;0;2015-03-21;1.0;-51.0;-30.0;-11.0;7.0;1.0;1.0;-4.0;7.0;9.0;-74.0;29.0;-38.0;-20.0;-10.0;-5.0;-39.0;-19.0;-9.0;-9.0;7.0;5.0;17.0;-7.0;-3.0;29.0;44.0;29.0;16.0;8.0;1.0;4.0;-2.0;9.0;-4.0;-5.0;-6.0;7.0;33.0;7.0;5.0;50.0;26.0;17.0;12.0;5.0;8.0;3.0;3.0;3.0;8.0;-9.0;-30.0;-11.0;-5.0;-1.0;2.0;2.0;-9.0;-2.0;2.0;-4.0;22.0;13.0;89.0;59.0;37.0;5.0;17.0;-24.0;-12.0;32.0;15.0;10.0;44.0;27.0;-74.0;-34.0;1.0;-24.0;-16.0;-8.0;-19.0;31.0;13.0;3.0;3.0;-4.0;-1.0;-1.0;1.0;90.0;1;15:30:00;1;SUN;WES
ARS X LIV 2015-04-04;1;2015-04-04;32.0;1.0;-21.0;-12.0;-7.0;-3.0;6.0;-5.0;1.0;1.0;1.0;19.0;-5.0;-2.0;-31.0;-18.0;-12.0;-38.0;-19.0;-10.0;-7.0;-6.0;12.0;-2.0;-3.0;2.0;2.0;2.0;7.0;6.0;79.0;48.0;35.0;48.0;96.0;58.0;50.0;61.0;37.0;13.0;80.0;2.0;4.0;-7.0;4.0;90.0;24.0;12.0;15.0;8.0;8.0;41.0;83.0;-62.0;-9.0;-37.0;72.0;-26.0;-19.0;-5.0;-2.0;-34.0;-18.0;-29.0;-16.0;-9.0;-1.0;44.0;7.0;-9.0;-51.0;-29.0;-16.0;-59.0;-33.0;-85.0;-54.0;-31.0;26.0;-19.0;47.0;26.0;12.0;8.0;26.0;43.0;26.0;16.0;30.0;7.0;17.0;155.0;4;09:45:00;1;LIV;ARS
ARS X LIV 2015-04-04;1;2015-04-04;-1.0;-2.0;1.0;38.0;23.0;14.0;14.0;9.0;43.0;100.0;73.0;-6.0;44.0;32.0;16.0;3.0;28.0;12.0;-30.0;-13.0;-48.0;-60.0;24.0;-40.0;-21.0;-33.0;-31.0;-16.0;20.0;6.0;-5.0;;1.0;10.0;0.0;-26.0;-65.0;-42.0;-33.0;-23.0;5.0;2.0;-4.0;-45.0;-35.0;5.0;-24.0;-18.0;-14.0;-13.0;-11.0;-5.0;-4.0;-3.0;-8.0;-6.0;2.0;-5.0;-24.0;-16.0;-10.0;-7.0;-55.0;-33.0;-16.0;-16.0;-15.0;-41.0;-7.0;-5.0;-5.0;-19.0;-42.0;-26.0;-22.0;-14.0;-9.0;-54.0;-19.0;-28.0;-18.0;-17.0;-11.0;9.0;-12.0;5.0;29.0;16.0;-46.0;-5.0;-1.0;10.0;4;09:45:00;1;LIV;ARS
ARS X LIV 2015-04-04;1;2015-04-04;4.0;9.0;8.0;7.0;7.0;6.0;61.0;43.0;68.0;28.0;-47.0;-42.0;-54.0;-39.0;-28.0;-23.0;-17.0;-14.0;-15.0;-45.0;-36.0;-65.0;34.0;-43.0;-29.0;-19.0;-55.0;-34.0;-25.0;-14.0;-8.0;-1.0;-5.0;28.0;5.0;31.0;18.0;16.0;9.0;25.0;0.0;0.0;5.0;7.0;34.0;15.0;20.0;8.0;6.0;4.0;2.0;32.0;16.0;10.0;17.0;11.0;11.0;6.0;35.0;31.0;23.0;39.0;23.0;17.0;14.0;43.0;54.0;7.0;27.0;76.0;15.0;-40.0;-51.0;-25.0;21.0;-90.0;-23.0;-11.0;4.0;-7.0;6.0;1.0;-40.0;-24.0;-19.0;-11.0;76.0;43.0;21.0;3.0;13.0;30.0;4;09:45:00;1;LIV;ARS
ARS X LIV 2015-04-04;1;2015-04-04;-1.0;-1.0;1.0;41.0;44.0;27.0;16.0;5.0;3.0;-42.0;-25.0;1.0;-16.0;-15.0;9.0;6.0;7.0;28.0;20.0;10.0;39.0;22.0;1.0;10.0;11.0;18.0;19.0;17.0;16.0;15.0;14.0;14.0;14.0;1.0;14.0;54.0;37.0;68.0;46.0;37.0;45.0;24.0;17.0;13.0;11.0;1.0;37.0;-22.0;4.0;34.0;13.0;8.0;14.0;41.0;23.0;21.0;-5.0;18.0;17.0;74.0;50.0;36.0;22.0;24.0;16.0;15.0;45.0;-1.0;33.0;25.0;41.0;63.0;43.0;29.0;16.0;-26.0;-9.0;-2.0;-5.0;59.0;-71.0;-11.0;-17.0;-1.0;29.0;18.0;14.0;18.0;54.0;-3.0;9.0;70.0;4;09:45:00;1;LIV;ARS
ARS X LIV 2015-04-04;1;2015-04-04;1.0;-3.0;-1.0;1.0;1.0;4.0;7.0;8.0;9.0;9.0;4.0;1.0;81.0;52.0;30.0;25.0;18.0;8.0;12.0;5.0;5.0;11.0;1.0;14.0;16.0;12.0;10.0;13.0;9.0;6.0;25.0;100.0;79.0;1.0;48.0;30.0;18.0;3.0;3.0;-4.0;5.0;2.0;-28.0;-20.0;-15.0;-15.0;-47.0;47.0;-64.0;-47.0;-46.0;-23.0;-15.0;32.0;24.0;12.0;-8.0;8.0;6.0;8.0;6.0;25.0;16.0;31.0;39.0;25.0;15.0;-24.0;20.0;42.0;55.0;34.0;51.0;31.0;18.0;10.0;13.0;7.0;-14.0;-18.0;-6.0;-1.0;-4.0;2.0;2.0;3.0;3.0;-3.0;12.0;-8.0;2.0;-5.0;4;09:45:00;1;LIV;ARS
ARS X LIV 2015-04-04;1;2015-04-04;-2.0;-2.0;-2.0;29.0;15.0;7.0;2.0;33.0;-74.0;-31.0;-17.0;-2.0;-8.0;32.0;-29.0;-3.0;2.0;12.0;5.0;6.0;5.0;-4.0;-23.0;7.0;4.0;5.0;5.0;10.0;8.0;7.0;6.0;-73.0;43.0;44.0;42.0;32.0;21.0;20.0;-113.0;-37.0;-5.0;-8.0;-1.0;3.0;3.0;11.0;4.0;25.0;17.0;-12.0;-2.0;39.0;18.0;8.0;4.0;76.0;-42.0;45.0;30.0;21.0;11.0;4.0;10.0;14.0;16.0;42.0;28.0;-17.0;54.0;34.0;-32.0;-6.0;4.0;14.0;13.0;8.0;13.0;50.0;-10.0;62.0;37.0;23.0;-14.0;-22.0;-14.0;-7.0;7.0;3.0;14.0;-10.0;39.0;-85.0;4;09:45:00;1;LIV;ARS
ARS X LIV 2015-04-04;1;2015-04-04;1.0;10.0;6.0;33.0;21.0;19.0;58.0;36.0;20.0;43.0;27.0;5.0;39.0;75.0;41.0;18.0;17.0;10.0;3.0;9.0;-24.0;48.0;45.0;24.0;46.0;70.0;51.0;29.0;24.0;35.0;20.0;34.0;97.0;33.0;60.0;36.0;24.0;15.0;1.0;-73.0;35.0;-40.0;-21.0;63.0;23.0;21.0;12.0;1.0;-7.0;-14.0;-4.0;-8.0;59.0;26.0;9.0;-7.0;34.0;-2.0;-11.0;69.0;31.0;-52.0;-25.0;-20.0;-18.0;-17.0;14.0;51.0;8.0;13.0;11.0;15.0;11.0;10.0;8.0;8.0;7.0;27.0;24.0;24.0;97.0;66.0;37.0;24.0;22.0;10.0;8.0;7.0;6.0;15.0;10.0;-25.0;4;09:45:00;1;LIV;ARS
ARS X LIV 2015-04-04;1;2015-04-04;6.0;-3.0;-1.0;-3.0;3.0;-3.0;-44.0;-69.0;-49.0;-32.0;-16.0;-3.0;41.0;28.0;17.0;-30.0;-11.0;-39.0;-28.0;-16.0;-12.0;-7.0;-3.0;6.0;32.0;24.0;45.0;27.0;-20.0;-34.0;-20.0;-19.0;-11.0;3.0;-64.0;-5.0;-2.0;1.0;1.0;1.0;65.0;1.0;1.0;6.0;-5.0;-3.0;1.0;-3.0;-3.0;-10.0;-13.0;-10.0;-8.0;-7.0;18.0;6.0;38.0;1.0;-3.0;38.0;43.0;23.0;11.0;24.0;9.0;-12.0;-36.0;18.0;-23.0;-47.0;-59.0;-31.0;-18.0;19.0;34.0;21.0;-12.0;-7.0;7.0;-12.0;-11.0;-8.0;64.0;33.0;18.0;9.0;-22.0;-41.0;-26.0;1.0;-16.0;30.0;4;09:45:00;1;LIV;ARS
ARS X LIV 2015-04-04;1;2015-04-04;1.0;35.0;28.0;24.0;56.0;39.0;24.0;16.0;16.0;8.0;7.0;21.0;1.0;7.0;51.0;42.0;27.0;38.0;54.0;-33.0;3.0;8.0;13.0;4.0;3.0;6.0;1.0;7.0;6.0;-38.0;-17.0;23.0;-8.0;9.0;43.0;40.0;21.0;18.0;18.0;8.0;75.0;6.0;-6.0;-36.0;35.0;6.0;-26.0;-11.0;-7.0;-2.0;-5.0;20.0;39.0;22.0;12.0;11.0;4.0;4.0;-11.0;10.0;1.0;-6.0;-4.0;-12.0;-13.0;-9.0;5.0;-3.0;55.0;26.0;15.0;-26.0;-1.0;29.0;13.0;1.0;-47.0;-58.0;3.0;-38.0;-18.0;-22.0;-11.0;24.0;65.0;41.0;24.0;-52.0;-25.0;23.0;-2.0;-10.0;4;09:45:00;1;LIV;ARS
ARS X LIV 2015-04-04;1;2015-04-04;1.0;-6.0;4.0;-56.0;-35.0;-22.0;-44.0;-27.0;-18.0;-12.0;-51.0;30.0;-52.0;-35.0;-24.0;-23.0;-15.0;-6.0;-7.0;-8.0;-8.0;-8.0;18.0;-49.0;-73.0;-100.0;-68.0;-25.0;70.0;32.0;19.0;6.0;-6.0;11.0;-16.0;-69.0;-51.0;-40.0;-28.0;-36.0;0.0;-25.0;-13.0;72.0;34.0;2.0;20.0;-34.0;-15.0;-17.0;-18.0;-13.0;-3.0;-15.0;-41.0;-27.0;1.0;-19.0;-34.0;-52.0;-31.0;-1.0;37.0;20.0;11.0;13.0;8.0;1.0;-29.0;-57.0;-32.0;-48.0;-97.0;-54.0;-27.0;-14.0;-85.0;-48.0;1.0;-32.0;-42.0;-24.0;-6.0;-12.0;-35.0;-100.0;-94.0;-59.0;-43.0;-1.0;-9.0;0.0;4;09:45:00;1;LIV;ARS
ARS X LIV 2015-04-04;1;2015-04-04;1.0;-4.0;2.0;6.0;15.0;70.0;63.0;39.0;24.0;10.0;2.0;1.0;-4.0;2.0;7.0;40.0;25.0;29.0;11.0;5.0;-1.0;5.0;-19.0;-41.0;-28.0;-17.0;-71.0;-48.0;-21.0;-22.0;-14.0;-24.0;-14.0;-9.0;-9.0;-30.0;-93.0;-55.0;-28.0;-57.0;-40.0;-1.0;4.0;-2.0;3.0;-4.0;-7.0;-8.0;-16.0;-11.0;-8.0;-65.0;-50.0;-35.0;-22.0;-9.0;2.0;-2.0;34.0;18.0;39.0;22.0;11.0;3.0;5.0;-2.0;73.0;2.0;7.0;-6.0;-5.0;-33.0;-30.0;-10.0;-36.0;-21.0;-10.0;-6.0;3.0;-14.0;-6.0;-3.0;-7.0;10.0;63.0;32.0;24.0;14.0;-21.0;3.0;-51.0;-5.0;4;09:45:00;1;LIV;ARS
ARS X LIV 2015-04-04;1;2015-04-04;4.0;-43.0;-25.0;19.0;1.0;2.0;3.0;1.0;30.0;17.0;10.0;1.0;6.0;43.0;23.0;13.0;8.0;-31.0;-38.0;-22.0;-18.0;-11.0;-6.0;-9.0;-4.0;5.0;-11.0;-5.0;-2.0;-1.0;-1.0;-1.0;-1.0;-4.0;11.0;31.0;14.0;-25.0;-4.0;6.0;40.0;6.0;8.0;10.0;11.0;-3.0;8.0;1.0;1.0;-39.0;-16.0;-8.0;-3.0;77.0;43.0;27.0;-23.0;-59.0;-53.0;-36.0;-19.0;-5.0;2.0;5.0;4.0;2.0;6.0;-14.0;8.0;10.0;16.0;-45.0;-16.0;-9.0;11.0;6.0;12.0;12.0;-14.0;12.0;11.0;86.0;56.0;44.0;18.0;12.0;8.0;11.0;7.0;-29.0;31.0;-45.0;4;09:45:00;1;LIV;ARS
SUN X CRY 2015-04-11;4;2015-04-11;1.0;1.0;1.0;1.0;1.0;1.0;1.0;-5.0;-1.0;41.0;24.0;-5.0;-20.0;-2.0;1.0;-7.0;-9.0;-8.0;-14.0;-3.0;31.0;22.0;6.0;12.0;2.0;5.0;-6.0;-3.0;-2.0;-1.0;-1.0;-1.0;-21.0;2.0;30.0;9.0;10.0;5.0;4.0;40.0;20.0;-26.0;-2.0;-2.0;-77.0;2.0;-54.0;-31.0;-94.0;-52.0;-66.0;-74.0;-45.0;-27.0;-17.0;-8.0;1.0;-3.0;-7.0;-45.0;-62.0;-43.0;-16.0;-80.0;-35.0;-19.0;25.0;1.0;11.0;10.0;-6.0;-5.0;-6.0;-5.0;-3.0;-7.0;-5.0;-3.0;1.0;-8.0;-5.0;-8.0;60.0;11.0;6.0;2.0;31.0;18.0;11.0;1.0;41.0;150.0;1;12:00:00;-1;CRY;SUN
TOT X ASV 2015-04-11;1;2015-04-11;1.0;-3.0;8.0;6.0;6.0;6.0;26.0;17.0;12.0;10.0;8.0;1.0;-28.0;33.0;12.0;19.0;13.0;12.0;57.0;81.0;49.0;71.0;1.0;38.0;15.0;16.0;10.0;-4.0;-4.0;-76.0;-24.0;27.0;2.0;1.0;28.0;58.0;9.0;-39.0;-24.0;27.0;-80.0;-4.0;-6.0;-2.0;-5.0;1.0;-52.0;-30.0;-16.0;-9.0;-4.0;51.0;31.0;26.0;29.0;25.0;5.0;49.0;32.0;26.0;18.0;-17.0;-3.0;-9.0;-3.0;-3.0;4.0;3.0;44.0;59.0;43.0;29.0;40.0;43.0;61.0;44.0;34.0;21.0;7.0;14.0;7.0;6.0;-3.0;-87.0;-90.0;-71.0;-45.0;-44.0;-12.0;4.0;-8.0;15.0;0;12:00:00;-1;ASV;TOT
TOT X ASV 2015-04-11;1;2015-04-11;1.0;61.0;37.0;27.0;11.0;-5.0;-57.0;-44.0;-31.0;42.0;15.0;1.0;29.0;-69.0;-32.0;-21.0;-41.0;-24.0;-10.0;75.0;44.0;27.0;1.0;15.0;8.0;-2.0;-4.0;-10.0;-13.0;-50.0;-37.0;-24.0;-16.0;2.0;-11.0;-11.0;-4.0;-30.0;-16.0;12.0;10.0;7.0;5.0;8.0;-10.0;2.0;-42.0;-24.0;-13.0;-7.0;7.0;-4.0;-4.0;17.0;4.0;38.0;5.0;14.0;-10.0;-6.0;-8.0;-27.0;-20.0;-15.0;-13.0;-6.0;6.0;31.0;3.0;-5.0;-9.0;-35.0;-25.0;-7.0;23.0;-53.0;-24.0;-16.0;40.0;-32.0;-98.0;-62.0;-44.0;-33.0;-20.0;-8.0;-12.0;-12.0;-8.0;100.0;-2.0;5.0;0;12:00:00;-1;ASV;TOT
WES X STO 2015-04-11;1;2015-04-11;1.0;15.0;8.0;35.0;-21.0;-5.0;5.0;40.0;21.0;13.0;8.0;19.0;4.0;-1.0;-5.0;-3.0;-2.0;-2.0;-6.0;-3.0;-27.0;-56.0;41.0;-34.0;-47.0;-36.0;-22.0;-17.0;-13.0;-8.0;-37.0;-54.0;-100.0;24.0;-69.0;-43.0;-56.0;-33.0;-17.0;-3.0;5.0;-4.0;-5.0;-10.0;-9.0;18.0;-12.0;-10.0;-8.0;-7.0;13.0;2.0;-38.0;-58.0;-37.0;-25.0;15.0;-17.0;-10.0;-36.0;-29.0;-34.0;-23.0;-16.0;-9.0;-8.0;-11.0;82.0;-14.0;-15.0;57.0;10.0;8.0;7.0;2.0;-25.0;-17.0;-8.0;46.0;-18.0;-58.0;-16.0;-42.0;-23.0;-20.0;-16.0;27.0;3.0;-3.0;27.0;-3.0;-100.0;1;12:00:00;0;STO;WES
WES X STO 2015-04-11;1;2015-04-11;-6.0;-9.0;3.0;-77.0;-48.0;-36.0;-28.0;-14.0;-10.0;-8.0;-11.0;-43.0;-32.0;-20.0;-7.0;9.0;42.0;10.0;-32.0;-15.0;-11.0;-10.0;-28.0;-6.0;-7.0;-5.0;-4.0;-8.0;-11.0;-12.0;-8.0;-5.0;-9.0;-19.0;-6.0;6.0;1.0;1.0;6.0;-10.0;-10.0;-5.0;-3.0;-6.0;-3.0;-13.0;61.0;35.0;12.0;-24.0;-12.0;-15.0;-7.0;-7.0;-45.0;-25.0;-40.0;-18.0;27.0;6.0;3.0;-4.0;-48.0;-34.0;-23.0;-16.0;-13.0;-23.0;-7.0;-7.0;-7.0;37.0;16.0;6.0;-4.0;-4.0;-57.0;-37.0;-16.0;-25.0;-37.0;-54.0;-31.0;-20.0;-14.0;-29.0;-17.0;-8.0;-7.0;-11.0;-43.0;0.0;1;12:00:00;0;STO;WES
WES X STO 2015-04-11;1;2015-04-11;6.0;-26.0;-23.0;-15.0;-7.0;-16.0;-17.0;-17.0;-22.0;-20.0;-6.0;-3.0;21.0;10.0;7.0;5.0;8.0;3.0;2.0;-5.0;-6.0;-4.0;-3.0;-2.0;-36.0;-20.0;-11.0;-11.0;-26.0;-13.0;-2.0;21.0;36.0;-8.0;23.0;13.0;7.0;7.0;42.0;19.0;-25.0;-1.0;-1.0;5.0;32.0;33.0;18.0;57.0;65.0;44.0;-24.0;1.0;-1.0;-1.0;2.0;-39.0;13.0;-16.0;-8.0;-8.0;-4.0;41.0;45.0;28.0;48.0;26.0;9.0;5.0;6.0;1.0;-3.0;-4.0;-10.0;-18.0;-13.0;-10.0;-18.0;-62.0;-63.0;-38.0;-25.0;58.0;28.0;-23.0;-3.0;-2.0;-1.0;-77.0;-45.0;-36.0;-27.0;-5.0;1;12:00:00;0;STO;WES
WES X STO 2015-04-11;1;2015-04-11;1.0;-38.0;-21.0;-16.0;4.0;74.0;41.0;17.0;9.0;8.0;-2.0;5.0;-2.0;-3.0;-3.0;-26.0;-5.0;-2.0;1.0;1.0;77.0;51.0;1.0;35.0;21.0;8.0;-49.0;-19.0;-11.0;-1.0;6.0;7.0;-30.0;-2.0;-9.0;13.0;10.0;8.0;24.0;8.0;-5.0;11.0;14.0;2.0;5.0;-2.0;6.0;6.0;7.0;43.0;24.0;12.0;5.0;1.0;-8.0;-6.0;-43.0;4.0;-22.0;-18.0;-12.0;-8.0;-1.0;-2.0;73.0;42.0;29.0;-67.0;35.0;25.0;8.0;13.0;86.0;48.0;32.0;23.0;16.0;7.0;-100.0;8.0;13.0;-30.0;-7.0;-9.0;-5.0;-3.0;1.0;1.0;1.0;-71.0;-75.0;40.0;1;12:00:00;0;STO;WES
WES X STO 2015-04-11;1;2015-04-11;-1.0;79.0;52.0;34.0;64.0;31.0;11.0;10.0;49.0;29.0;26.0;-6.0;19.0;11.0;8.0;4.0;2.0;5.0;43.0;30.0;-41.0;-8.0;-4.0;-5.0;-1.0;5.0;10.0;5.0;8.0;4.0;2.0;5.0;33.0;-3.0;14.0;3.0;7.0;3.0;-6.0;-6.0;-90.0;-8.0;-4.0;-57.0;-39.0;-3.0;-28.0;-41.0;-49.0;-70.0;-37.0;-13.0;-2.0;34.0;-27.0;9.0;-22.0;7.0;27.0;57.0;40.0;27.0;19.0;13.0;-17.0;-28.0;-13.0;-14.0;24.0;87.0;57.0;89.0;51.0;37.0;15.0;12.0;7.0;13.0;-4.0;16.0;48.0;32.0;27.0;36.0;52.0;29.0;18.0;26.0;14.0;4.0;7.0;-45.0;1;12:00:00;0;STO;WES
ASV X QPR 2015-04-07;3;2015-04-07;6.0;-13.0;76.0;45.0;78.0;51.0;27.0;16.0;16.0;12.0;18.0;13.0;44.0;33.0;22.0;36.0;48.0;29.0;40.0;26.0;37.0;48.0;8.0;31.0;15.0;11.0;-18.0;78.0;51.0;37.0;24.0;-48.0;-22.0;5.0;38.0;14.0;10.0;11.0;5.0;-2.0;0.0;1.0;1.0;-5.0;-1.0;3.0;11.0;11.0;7.0;4.0;42.0;3.0;-76.0;-44.0;-16.0;-13.0;7.0;-7.0;-1.0;1.0;1.0;-40.0;-21.0;-12.0;-6.0;-2.0;2.0;3.0;-5.0;1.0;1.0;-30.0;-16.0;-13.0;-12.0;-11.0;-43.0;-60.0;-75.0;-33.0;-21.0;13.0;45.0;66.0;36.0;19.0;13.0;37.0;21.0;-22.0;10.0;85.0;3;16:45:00;0;QPR;ASV
CRY X WBA 2015-04-18;2;2015-04-18;4.0;42.0;27.0;29.0;20.0;25.0;11.0;-11.0;-4.0;5.0;-1.0;-22.0;30.0;24.0;30.0;19.0;17.0;94.0;61.0;36.0;22.0;7.0;-87.0;-41.0;41.0;29.0;30.0;26.0;26.0;25.0;16.0;16.0;17.0;-18.0;17.0;12.0;12.0;7.0;9.0;41.0;-20.0;12.0;38.0;52.0;41.0;-42.0;49.0;83.0;52.0;13.0;-76.0;-42.0;40.0;11.0;4.0;40.0;-31.0;21.0;2.0;3.0;4.0;12.0;-28.0;-8.0;8.0;3.0;8.0;-10.0;9.0;2.0;3.0;4.0;24.0;11.0;3.0;-79.0;-63.0;-17.0;-3.0;32.0;15.0;11.0;15.0;49.0;28.0;25.0;23.0;17.0;5.0;-2.0;34.0;30.0;0;12:00:00;-1;WBA;CRY
EVE X BUR 2015-04-18;0;2015-04-18;2.0;3.0;23.0;14.0;14.0;4.0;4.0;42.0;26.0;16.0;41.0;-4.0;26.0;19.0;22.0;-39.0;-15.0;-7.0;-8.0;-4.0;1.0;77.0;32.0;17.0;12.0;8.0;56.0;29.0;21.0;8.0;6.0;-4.0;2.0;23.0;-48.0;-20.0;-9.0;-17.0;48.0;33.0;15.0;13.0;15.0;92.0;62.0;-29.0;40.0;5.0;-4.0;12.0;33.0;25.0;47.0;29.0;-19.0;-12.0;-7.0;-6.0;-15.0;-7.0;7.0;3.0;3.0;58.0;36.0;22.0;14.0;7.0;49.0;26.0;16.0;41.0;25.0;13.0;13.0;49.0;18.0;11.0;2.0;8.0;5.0;2.0;39.0;25.0;17.0;-28.0;-28.0;-22.0;-16.0;2.0;3.0;75.0;1;12:00:00;1;BUR;EVE
LEI X SWA 2015-04-18;0;2015-04-18;1.0;-5.0;-5.0;-3.0;-1.0;-1.0;21.0;52.0;31.0;18.0;6.0;1.0;2.0;86.0;49.0;59.0;5.0;8.0;-1.0;1.0;-47.0;-28.0;11.0;-20.0;18.0;-8.0;-3.0;3.0;-3.0;-9.0;-27.0;-24.0;-17.0;7.0;-13.0;-10.0;22.0;12.0;-39.0;-16.0;-40.0;2.0;2.0;25.0;48.0;-5.0;52.0;24.0;7.0;-47.0;-34.0;24.0;24.0;3.0;-37.0;-24.0;6.0;-22.0;-21.0;-18.0;34.0;21.0;-25.0;6.0;-95.0;-57.0;-28.0;2.0;-9.0;6.0;7.0;30.0;28.0;22.0;18.0;17.0;44.0;26.0;1.0;21.0;18.0;46.0;50.0;100.0;80.0;42.0;27.0;19.0;9.0;5.0;80.0;0.0;2;12:00:00;1;SWA;LEI
STO X SOU 2015-04-18;1;2015-04-18;2.0;-4.0;-5.0;-16.0;-2.0;-4.0;8.0;4.0;-29.0;-18.0;-9.0;3.0;-10.0;-4.0;-59.0;-63.0;-36.0;57.0;26.0;16.0;12.0;8.0;-3.0;2.0;-34.0;-18.0;-4.0;-6.0;-38.0;-19.0;-10.0;12.0;4.0;27.0;6.0;-24.0;-9.0;28.0;4.0;9.0;5.0;2.0;77.0;48.0;20.0;17.0;24.0;9.0;-4.0;49.0;31.0;-62.0;-26.0;-16.0;-14.0;-10.0;12.0;-2.0;36.0;25.0;-35.0;-11.0;-1.0;-5.0;-5.0;-2.0;-3.0;14.0;-44.0;-33.0;-24.0;-24.0;-19.0;-18.0;-15.0;-13.0;-7.0;-4.0;5.0;40.0;17.0;15.0;9.0;80.0;44.0;26.0;15.0;18.0;5.0;-3.0;-1.0;20.0;2;12:00:00;1;SOU;STO
CHE X MUN 2015-04-18;0;2015-04-18;7.0;21.0;11.0;-32.0;-37.0;-25.0;-16.0;-10.0;4.0;-2.0;-22.0;6.0;-13.0;-14.0;-10.0;-7.0;-4.0;-18.0;-11.0;-8.0;-6.0;24.0;5.0;11.0;-7.0;-7.0;-4.0;-10.0;-7.0;-5.0;4.0;-2.0;74.0;5.0;22.0;16.0;8.0;3.0;-4.0;-2.0;-20.0;-2.0;-7.0;-6.0;-5.0;-32.0;-15.0;-17.0;-22.0;-6.0;-16.0;38.0;9.0;-18.0;-15.0;-16.0;-18.0;-20.0;-59.0;-71.0;-54.0;-34.0;-42.0;-28.0;-16.0;-46.0;-69.0;-12.0;-42.0;-32.0;-21.0;38.0;17.0;12.0;5.0;-48.0;-31.0;-20.0;19.0;-19.0;-19.0;-15.0;-66.0;-46.0;-39.0;-25.0;-16.0;-8.0;-6.0;35.0;-8.0;10.0;1;14:30:00;1;MUN;CHE
MCI X WES 2015-04-19;0;2015-04-19;4.0;5.0;37.0;64.0;41.0;10.0;11.0;5.0;91.0;89.0;54.0;5.0;27.0;17.0;-59.0;-34.0;-19.0;-14.0;-7.0;7.0;9.0;-39.0;7.0;-28.0;-25.0;-14.0;-7.0;2.0;-9.0;72.0;36.0;18.0;7.0;27.0;-9.0;-10.0;-9.0;-4.0;3.0;3.0;0.0;4.0;5.0;10.0;9.0;50.0;27.0;24.0;16.0;32.0;21.0;13.0;40.0;22.0;-12.0;-7.0;28.0;19.0;3.0;20.0;11.0;5.0;6.0;9.0;19.0;16.0;15.0;24.0;13.0;12.0;11.0;11.0;11.0;11.0;6.0;8.0;34.0;20.0;18.0;16.0;14.0;13.0;10.0;41.0;24.0;25.0;16.0;-24.0;-89.0;7.0;-41.0;0.0;2;10:30:00;1;WES;MCI
NEW X TOT 2015-04-19;3;2015-04-19;-1.0;-1.0;-1.0;5.0;-6.0;-3.0;40.0;21.0;11.0;6.0;3.0;-1.0;35.0;13.0;2.0;-1.0;-1.0;-3.0;-2.0;5.0;1.0;-1.0;-16.0;-1.0;-76.0;-51.0;-26.0;-16.0;-5.0;-6.0;-7.0;-5.0;40.0;-15.0;15.0;3.0;1.0;10.0;-41.0;-17.0;5.0;-1.0;75.0;42.0;18.0;-9.0;8.0;-8.0;-13.0;-10.0;-77.0;-78.0;-48.0;-30.0;-19.0;-8.0;-1.0;-4.0;3.0;3.0;-13.0;-12.0;-9.0;-7.0;-67.0;-21.0;23.0;5.0;-12.0;-4.0;-2.0;-3.0;-10.0;-77.0;-47.0;39.0;-42.0;-27.0;2.0;19.0;32.0;9.0;6.0;-27.0;-6.0;-2.0;4.0;4.0;27.0;1.0;18.0;-55.0;1;13:00:00;-1;TOT;NEW
HUL X LIV 2015-04-28;0;2015-04-28;1.0;-2.0;6.0;-5.0;1.0;1.0;1.0;6.0;8.0;25.0;15.0;1.0;-20.0;-6.0;-48.0;-25.0;43.0;19.0;54.0;37.0;44.0;25.0;-5.0;17.0;9.0;7.0;-38.0;-18.0;-10.0;-5.0;56.0;34.0;90.0;-22.0;54.0;-40.0;-7.0;6.0;-3.0;1.0;0.0;-5.0;21.0;11.0;7.0;-7.0;5.0;4.0;1.0;6.0;4.0;13.0;8.0;5.0;3.0;-20.0;-4.0;-10.0;-10.0;-5.0;-62.0;-55.0;-32.0;-18.0;-15.0;-3.0;1.0;-2.0;1.0;1.0;-40.0;-22.0;-42.0;41.0;9.0;39.0;23.0;-40.0;1.0;-35.0;-20.0;-8.0;-4.0;-5.0;-20.0;-36.0;-21.0;21.0;-40.0;-5.0;-18.0;-50.0;1;16:45:00;1;LIV;HUL
ARS X SUN 2015-05-20;0;2015-05-20;1.0;3.0;3.0;2.0;42.0;25.0;15.0;10.0;1.0;41.0;13.0;1.0;38.0;23.0;20.0;50.0;32.0;18.0;12.0;8.0;33.0;21.0;5.0;44.0;27.0;47.0;27.0;17.0;9.0;2.0;7.0;34.0;27.0;3.0;56.0;34.0;-30.0;-7.0;6.0;-2.0;;1.0;27.0;16.0;10.0;2.0;-80.0;-68.0;-41.0;-19.0;-11.0;41.0;65.0;69.0;81.0;48.0;-10.0;-40.0;-60.0;-37.0;-4.0;31.0;19.0;15.0;42.0;-28.0;-1.0;-4.0;8.0;6.0;4.0;12.0;14.0;10.0;8.0;37.0;24.0;16.0;-2.0;12.0;14.0;9.0;37.0;24.0;55.0;53.0;68.0;69.0;42.0;6.0;23.0;5.0;0;16:45:00;0;SUN;ARS
SOU X TOT 2015-04-25;2;2015-04-25;6.0;3.0;-3.0;3.0;-3.0;-7.0;-2.0;-3.0;-24.0;-11.0;-18.0;-3.0;-13.0;18.0;7.0;4.0;4.0;82.0;48.0;34.0;20.0;12.0;-3.0;41.0;60.0;50.0;35.0;26.0;18.0;-30.0;-13.0;-8.0;6.0;-3.0;31.0;18.0;8.0;3.0;-77.0;-2.0;-5.0;4.0;-7.0;-5.0;-9.0;-24.0;29.0;11.0;5.0;1.0;24.0;5.0;-7.0;54.0;3.0;-7.0;-17.0;24.0;-12.0;24.0;1.0;-37.0;-29.0;59.0;15.0;-12.0;-7.0;-7.0;-9.0;-91.0;-61.0;-42.0;-31.0;-25.0;-15.0;14.0;1.0;-2.0;-6.0;3.0;1.0;4.0;-2.0;3.0;-7.0;-4.0;4.0;-2.0;-2.0;-6.0;-2.0;135.0;2;09:45:00;0;TOT;SOU
BUR X LEI 2015-04-25;1;2015-04-25;-1.0;-71.0;-41.0;-24.0;-34.0;-25.0;-9.0;-5.0;-3.0;6.0;-5.0;-1.0;6.0;-5.0;-41.0;-29.0;-12.0;-7.0;-9.0;-7.0;6.0;1.0;-5.0;5.0;23.0;74.0;43.0;26.0;55.0;31.0;9.0;5.0;-20.0;-3.0;-7.0;6.0;12.0;4.0;1.0;3.0;5.0;8.0;7.0;-23.0;-38.0;-2.0;23.0;43.0;26.0;24.0;19.0;11.0;6.0;25.0;17.0;12.0;-1.0;39.0;-73.0;-28.0;-14.0;-40.0;44.0;13.0;6.0;2.0;7.0;-1.0;4.0;11.0;10.0;9.0;14.0;16.0;7.0;7.0;7.0;37.0;5.0;45.0;30.0;19.0;53.0;31.0;18.0;42.0;-38.0;-8.0;-43.0;2.0;32.0;-5.0;0;12:00:00;-1;LEI;BUR
CRY X HUL 2015-04-25;2;2015-04-25;-6.0;-2.0;-2.0;-27.0;-17.0;-16.0;-5.0;-4.0;-2.0;-7.0;-25.0;-4.0;-76.0;-66.0;-35.0;-22.0;-7.0;-1.0;4.0;1.0;29.0;15.0;4.0;8.0;-42.0;-23.0;-17.0;-11.0;-7.0;-2.0;-7.0;4.0;-1.0;-6.0;-2.0;-47.0;-34.0;-11.0;-15.0;-4.0;35.0;-10.0;-9.0;-63.0;-40.0;4.0;-22.0;-15.0;-87.0;-50.0;-28.0;-46.0;-31.0;-42.0;-54.0;-31.0;-1.0;-16.0;-13.0;-5.0;-30.0;31.0;2.0;-20.0;-14.0;-6.0;-5.0;-1.0;-2.0;1.0;1.0;1.0;1.0;1.0;1.0;1.0;31.0;-30.0;-1.0;-5.0;-3.0;6.0;-4.0;1.0;-29.0;-22.0;-49.0;-29.0;-78.0;-1.0;30.0;-75.0;0;12:00:00;-1;HUL;CRY
NEW X SWA 2015-04-25;3;2015-04-25;6.0;35.0;16.0;5.0;33.0;-21.0;-33.0;-55.0;-32.0;-22.0;-12.0;9.0;-11.0;69.0;27.0;-67.0;-30.0;-20.0;-24.0;-16.0;-52.0;-33.0;11.0;-27.0;-42.0;-27.0;-9.0;-2.0;14.0;7.0;12.0;7.0;-5.0;12.0;-10.0;-6.0;-33.0;-19.0;61.0;29.0;-95.0;1.0;5.0;8.0;35.0;8.0;21.0;-80.0;-39.0;-18.0;-37.0;-1.0;25.0;20.0;12.0;29.0;10.0;16.0;3.0;2.0;-13.0;-15.0;-11.0;-9.0;-7.0;-1.0;-12.0;-6.0;-14.0;-6.0;-76.0;-43.0;33.0;7.0;-18.0;-5.0;43.0;52.0;-5.0;-38.0;3.0;7.0;33.0;19.0;36.0;48.0;30.0;88.0;54.0;-8.0;10.0;45.0;2;12:00:00;-1;SWA;NEW
QPR X WES 2015-04-25;0;2015-04-25;-21.0;-6.0;-6.0;31.0;11.0;7.0;5.0;4.0;1.0;1.0;-20.0;41.0;-10.0;-25.0;-14.0;-8.0;36.0;-30.0;-4.0;-1.0;1.0;-11.0;-20.0;-3.0;-6.0;32.0;17.0;7.0;5.0;9.0;34.0;16.0;-39.0;6.0;-50.0;-29.0;-18.0;-4.0;1.0;-2.0;0.0;39.0;-32.0;-7.0;-8.0;3.0;-3.0;-58.0;-31.0;-17.0;32.0;43.0;31.0;24.0;20.0;16.0;-20.0;3.0;3.0;-29.0;22.0;8.0;6.0;10.0;9.0;-9.0;-7.0;-11.0;-8.0;19.0;5.0;2.0;19.0;10.0;-7.0;-7.0;-6.0;19.0;-5.0;51.0;59.0;38.0;-27.0;9.0;8.0;47.0;31.0;19.0;6.0;-2.0;-5.0;75.0;0;12:00:00;0;WES;QPR
STO X SUN 2015-04-25;1;2015-04-25;6.0;61.0;38.0;24.0;21.0;14.0;12.0;29.0;17.0;24.0;24.0;-70.0;48.0;37.0;26.0;19.0;16.0;17.0;-25.0;81.0;47.0;73.0;46.0;65.0;73.0;84.0;52.0;70.0;43.0;26.0;14.0;71.0;42.0;9.0;57.0;41.0;22.0;6.0;-28.0;-18.0;-40.0;8.0;-38.0;23.0;4.0;16.0;10.0;1.0;-95.0;-59.0;-15.0;-3.0;-1.0;-20.0;-11.0;-12.0;14.0;-52.0;-30.0;-30.0;-17.0;-69.0;-6.0;-13.0;-6.0;-17.0;6.0;19.0;-1.0;21.0;12.0;-32.0;-16.0;-16.0;-13.0;-14.0;-8.0;29.0;18.0;29.0;18.0;17.0;-15.0;6.0;-3.0;-29.0;43.0;38.0;24.0;16.0;47.0;-55.0;1;12:00:00;0;SUN;STO
WBA X LIV 2015-04-25;0;2015-04-25;-11.0;-11.0;-14.0;-14.0;-33.0;-25.0;-20.0;-17.0;-10.0;-5.0;-33.0;-11.0;-25.0;-45.0;-32.0;-25.0;-18.0;-11.0;-10.0;-16.0;-75.0;-50.0;-17.0;-35.0;-26.0;-50.0;-30.0;-27.0;-16.0;-44.0;-23.0;-13.0;-12.0;-16.0;-27.0;-18.0;-11.0;-11.0;-11.0;-7.0;-5.0;-10.0;-12.0;-13.0;-19.0;-15.0;-17.0;-21.0;-13.0;-9.0;24.0;5.0;-7.0;-17.0;-16.0;-23.0;30.0;-22.0;-62.0;-35.0;-54.0;-30.0;46.0;14.0;2.0;-37.0;-30.0;7.0;-27.0;-16.0;-15.0;-12.0;-62.0;-42.0;-26.0;-1.0;-46.0;-29.0;-6.0;34.0;-37.0;-22.0;-15.0;34.0;6.0;5.0;-6.0;-5.0;35.0;-11.0;15.0;-15.0;0;12:00:00;0;LIV;WBA
MCI X ASV 2015-04-25;2;2015-04-25;3.0;21.0;72.0;37.0;22.0;14.0;10.0;8.0;36.0;18.0;12.0;9.0;-19.0;-55.0;-33.0;-12.0;-6.0;2.0;4.0;-59.0;-26.0;-14.0;13.0;-6.0;-32.0;-43.0;-29.0;-15.0;-37.0;-23.0;-13.0;-4.0;4.0;86.0;1.0;-2.0;4.0;5.0;-22.0;4.0;5.0;-2.0;3.0;5.0;11.0;54.0;7.0;20.0;18.0;11.0;7.0;-29.0;-9.0;-10.0;-25.0;-14.0;55.0;-5.0;-2.0;2.0;27.0;17.0;21.0;88.0;48.0;27.0;-79.0;70.0;-35.0;-20.0;-9.0;-3.0;5.0;-3.0;2.0;2.0;-3.0;-4.0;64.0;-5.0;-41.0;-2.0;2.0;7.0;1.0;-93.0;-52.0;-34.0;22.0;34.0;77.0;-5.0;3;14:30:00;1;ASV;MCI
EVE X MUN 2015-04-26;0;2015-04-26;1.0;-9.0;-10.0;6.0;37.0;3.0;-5.0;-5.0;-47.0;-15.0;-16.0;1.0;-53.0;-35.0;-22.0;-15.0;-4.0;-1.0;-16.0;-9.0;40.0;-31.0;-8.0;-12.0;-6.0;-4.0;-6.0;40.0;42.0;99.0;58.0;34.0;11.0;-6.0;4.0;-8.0;-5.0;20.0;-19.0;27.0;0.0;-4.0;-65.0;-42.0;-28.0;-27.0;-20.0;-19.0;-10.0;-9.0;-8.0;-8.0;-7.0;-7.0;-7.0;-2.0;71.0;-4.0;-5.0;-6.0;-2.0;37.0;27.0;38.0;19.0;8.0;-4.0;-35.0;-44.0;-31.0;-51.0;-33.0;-23.0;72.0;33.0;13.0;-9.0;-4.0;-4.0;-24.0;-11.0;-28.0;-13.0;-5.0;43.0;46.0;37.0;24.0;17.0;-11.0;3.0;0.0;3;10:30:00;1;MUN;EVE
ARS X CHE 2015-04-26;0;2015-04-26;1.0;14.0;5.0;3.0;3.0;23.0;15.0;-39.0;-15.0;-57.0;-34.0;-4.0;-18.0;-6.0;-2.0;9.0;7.0;5.0;10.0;37.0;18.0;12.0;6.0;4.0;3.0;2.0;2.0;-4.0;-3.0;7.0;4.0;-36.0;-9.0;-4.0;55.0;33.0;24.0;27.0;20.0;45.0;-10.0;26.0;15.0;14.0;13.0;41.0;29.0;13.0;3.0;-5.0;-7.0;-10.0;-40.0;-33.0;-13.0;-2.0;24.0;1.0;3.0;3.0;-5.0;-1.0;21.0;-45.0;-18.0;31.0;42.0;30.0;-30.0;1.0;10.0;-25.0;-33.0;-17.0;31.0;12.0;9.0;8.0;18.0;6.0;-4.0;37.0;36.0;22.0;9.0;7.0;-4.0;-1.0;-9.0;18.0;2.0;-20.0;0;13:00:00;0;CHE;ARS
LEI X NEW 2015-05-02;0;2015-05-02;96.0;-5.0;42.0;21.0;11.0;-19.0;-6.0;32.0;90.0;60.0;38.0;57.0;43.0;44.0;22.0;-26.0;-8.0;-6.0;-6.0;-4.0;10.0;-26.0;35.0;-37.0;-22.0;-18.0;-12.0;-5.0;-27.0;-81.0;-58.0;-40.0;-34.0;21.0;45.0;14.0;-36.0;-25.0;-19.0;-20.0;0.0;-1.0;15.0;78.0;40.0;18.0;-46.0;-16.0;-4.0;36.0;-60.0;-5.0;76.0;63.0;41.0;74.0;-29.0;74.0;64.0;57.0;44.0;29.0;20.0;11.0;5.0;3.0;27.0;42.0;26.0;16.0;5.0;-40.0;-22.0;36.0;8.0;-5.0;-5.0;6.0;-34.0;5.0;9.0;6.0;4.0;3.0;1.0;6.0;4.0;18.0;-65.0;-9.0;-26.0;80.0;3;09:45:00;1;NEW;LEI
ASV X EVE 2015-05-02;2;2015-05-02;21.0;1.0;1.0;1.0;1.0;1.0;1.0;1.0;1.0;1.0;1.0;87.0;1.0;1.0;1.0;1.0;-5.0;-2.0;-2.0;-2.0;-2.0;44.0;52.0;24.0;18.0;5.0;2.0;-3.0;-2.0;-7.0;-5.0;-4.0;-3.0;31.0;-7.0;-5.0;-4.0;-3.0;4.0;20.0;70.0;4.0;-32.0;-38.0;-73.0;18.0;-10.0;44.0;27.0;26.0;27.0;17.0;10.0;9.0;8.0;7.0;9.0;-67.0;-39.0;-20.0;-48.0;-26.0;79.0;38.0;26.0;22.0;42.0;1.0;-41.0;-17.0;-16.0;10.0;-7.0;-2.0;-1.0;-10.0;-7.0;-44.0;1.0;-27.0;-16.0;-14.0;-8.0;-1.0;-10.0;-6.0;6.0;6.0;3.0;1.0;-5.0;-105.0;3;12:00:00;1;EVE;ASV
LIV X QPR 2015-05-02;1;2015-05-02;-14.0;-73.0;-90.0;-45.0;34.0;13.0;15.0;56.0;35.0;12.0;4.0;-6.0;80.0;68.0;43.0;29.0;50.0;27.0;-27.0;29.0;15.0;9.0;-2.0;3.0;12.0;3.0;10.0;14.0;-27.0;-8.0;-1.0;4.0;3.0;7.0;52.0;49.0;32.0;32.0;22.0;9.0;-5.0;13.0;13.0;58.0;5.0;9.0;33.0;20.0;7.0;6.0;56.0;32.0;19.0;17.0;10.0;3.0;8.0;-5.0;1.0;1.0;6.0;4.0;48.0;34.0;-40.0;-15.0;86.0;1.0;22.0;13.0;-23.0;-99.0;-58.0;-41.0;-22.0;13.0;29.0;24.0;-2.0;72.0;39.0;45.0;27.0;17.0;38.0;25.0;90.0;95.0;59.0;-27.0;8.0;20.0;2;12:00:00;1;QPR;LIV
SUN X SOU 2015-05-02;1;2015-05-02;-2.0;-31.0;-18.0;-12.0;-14.0;-11.0;-2.0;-2.0;-2.0;-1.0;-1.0;-2.0;-1.0;75.0;42.0;-76.0;-25.0;-21.0;30.0;-31.0;-9.0;-6.0;-8.0;-4.0;-5.0;-12.0;-9.0;-2.0;-8.0;-11.0;-12.0;-9.0;29.0;-6.0;11.0;10.0;-7.0;-32.0;-17.0;-2.0;45.0;6.0;2.0;1.0;1.0;4.0;6.0;-30.0;-15.0;31.0;12.0;97.0;60.0;46.0;25.0;20.0;44.0;-12.0;-10.0;-4.0;9.0;1.0;-2.0;-7.0;-6.0;-6.0;-5.0;29.0;-9.0;-7.0;-6.0;-5.0;-9.0;-7.0;-11.0;-7.0;4.0;-2.0;16.0;-41.0;-30.0;-19.0;-12.0;-13.0;-11.0;-7.0;-5.0;39.0;20.0;-52.0;-47.0;-20.0;2;12:00:00;1;SOU;SUN
SWA X STO 2015-05-02;0;2015-05-02;1.0;-2.0;1.0;1.0;6.0;4.0;33.0;20.0;17.0;5.0;-25.0;1.0;-20.0;-17.0;-15.0;-8.0;-3.0;-1.0;-1.0;5.0;2.0;1.0;20.0;5.0;-6.0;-1.0;5.0;2.0;6.0;3.0;42.0;29.0;17.0;17.0;10.0;-38.0;-28.0;-24.0;-21.0;6.0;-65.0;3.0;2.0;-5.0;6.0;10.0;52.0;31.0;49.0;30.0;17.0;12.0;7.0;2.0;7.0;15.0;-10.0;30.0;39.0;24.0;25.0;45.0;28.0;48.0;31.0;15.0;10.0;-1.0;14.0;9.0;13.0;-12.0;4.0;4.0;76.0;43.0;20.0;-32.0;-7.0;-12.0;-54.0;-33.0;-15.0;-8.0;19.0;70.0;60.0;34.0;-47.0;-4.0;-17.0;85.0;2;12:00:00;1;STO;SWA
WES X BUR 2015-05-02;0;2015-05-02;-1.0;3.0;3.0;62.0;37.0;-29.0;-2.0;-5.0;-16.0;-39.0;-21.0;9.0;-12.0;-6.0;-8.0;-2.0;16.0;83.0;49.0;93.0;58.0;77.0;8.0;58.0;38.0;21.0;-57.0;-26.0;-8.0;-7.0;-1.0;6.0;7.0;9.0;11.0;5.0;1.0;3.0;-12.0;-27.0;30.0;-11.0;34.0;19.0;35.0;9.0;87.0;25.0;16.0;12.0;14.0;7.0;15.0;42.0;-37.0;44.0;6.0;29.0;10.0;35.0;25.0;13.0;9.0;-19.0;-7.0;42.0;23.0;9.0;15.0;62.0;38.0;41.0;26.0;17.0;8.0;6.0;-19.0;-7.0;11.0;-3.0;-6.0;-33.0;31.0;7.0;10.0;26.0;78.0;75.0;45.0;12.0;21.0;60.0;1;12:00:00;1;BUR;WES
MUN X WBA 2015-05-02;1;2015-05-02;2.0;9.0;6.0;-38.0;-18.0;32.0;-53.0;-22.0;102.0;56.0;23.0;-3.0;24.0;19.0;4.0;7.0;9.0;5.0;7.0;9.0;-45.0;-13.0;-29.0;-3.0;6.0;26.0;38.0;27.0;20.0;17.0;8.0;3.0;11.0;-20.0;11.0;11.0;14.0;25.0;17.0;8.0;90.0;-9.0;-15.0;-2.0;47.0;-10.0;28.0;24.0;22.0;24.0;-24.0;47.0;30.0;24.0;20.0;40.0;7.0;57.0;40.0;19.0;17.0;-69.0;-27.0;-5.0;7.0;17.0;21.0;7.0;48.0;39.0;49.0;34.0;31.0;62.0;92.0;59.0;35.0;31.0;8.0;16.0;11.0;12.0;13.0;18.0;12.0;73.0;54.0;37.0;27.0;12.0;46.0;55.0;0;14:30:00;-1;WBA;MUN
CHE X CRY 2015-05-03;0;2015-05-03;3.0;-4.0;-24.0;-11.0;-7.0;-2.0;27.0;58.0;66.0;41.0;21.0;4.0;12.0;6.0;-4.0;12.0;68.0;42.0;32.0;56.0;24.0;6.0;5.0;5.0;5.0;3.0;15.0;12.0;55.0;30.0;50.0;32.0;-33.0;11.0;-13.0;-4.0;-2.0;3.0;6.0;78.0;10.0;49.0;27.0;19.0;14.0;9.0;6.0;7.0;8.0;9.0;9.0;9.0;39.0;27.0;14.0;52.0;8.0;65.0;40.0;32.0;28.0;37.0;24.0;13.0;6.0;6.0;-32.0;2.0;-15.0;-6.0;3.0;3.0;6.0;6.0;1.0;8.0;8.0;12.0;-17.0;40.0;57.0;-57.0;33.0;-22.0;-11.0;-11.0;3.0;-4.0;-22.0;-11.0;-30.0;-25.0;1;10:30:00;1;CRY;CHE
TOT X MCI 2015-05-03;1;2015-05-03;1.0;1.0;-20.0;-41.0;-24.0;-69.0;-11.0;-5.0;1.0;6.0;6.0;21.0;-5.0;6.0;-2.0;4.0;34.0;24.0;11.0;10.0;28.0;-72.0;48.0;-31.0;54.0;18.0;-42.0;-11.0;-38.0;-23.0;-10.0;4.0;4.0;59.0;-40.0;51.0;17.0;-35.0;61.0;51.0;-10.0;30.0;18.0;20.0;12.0;36.0;5.0;4.0;-19.0;32.0;14.0;9.0;-19.0;-4.0;-3.0;2.0;21.0;2.0;43.0;17.0;11.0;3.0;3.0;2.0;-9.0;7.0;-19.0;11.0;-3.0;-40.0;-47.0;-26.0;-3.0;2.0;3.0;-4.0;1.0;-4.0;4.0;-40.0;-18.0;17.0;34.0;61.0;5.0;4.0;2.0;2.0;-1.0;1.0;2.0;70.0;0;13:00:00;-1;MCI;TOT
HUL X ARS 2015-05-04;3;2015-05-04;-1.0;-17.0;-15.0;-15.0;-54.0;-67.0;-55.0;-38.0;-28.0;-14.0;-6.0;-35.0;25.0;38.0;18.0;1.0;-10.0;-11.0;-12.0;-11.0;-15.0;-83.0;-27.0;-63.0;-41.0;-24.0;-18.0;-84.0;-48.0;-33.0;-64.0;-62.0;31.0;-17.0;-4.0;-6.0;-5.0;-11.0;-54.0;-77.0;-75.0;25.0;9.0;-11.0;-3.0;-21.0;-12.0;-9.0;-10.0;-10.0;-6.0;-8.0;-39.0;71.0;23.0;14.0;-18.0;34.0;-45.0;-23.0;-38.0;-27.0;-53.0;-33.0;-24.0;-17.0;-14.0;-9.0;-15.0;-13.0;-12.0;-32.0;-22.0;-57.0;-37.0;-26.0;-17.0;-14.0;-10.0;-9.0;-9.0;-29.0;-21.0;-56.0;-100.0;-86.0;-53.0;-40.0;-40.0;-12.0;-14.0;-55.0;1;17:00:00;-1;ARS;HUL
EVE X SUN 2015-05-09;2;2015-05-09;7.0;21.0;20.0;35.0;27.0;48.0;32.0;17.0;6.0;1.0;14.0;5.0;10.0;9.0;8.0;3.0;3.0;4.0;5.0;-3.0;-3.0;-28.0;4.0;-14.0;-5.0;23.0;44.0;31.0;16.0;17.0;11.0;7.0;51.0;4.0;33.0;17.0;52.0;39.0;42.0;-44.0;0.0;-23.0;-12.0;22.0;100.0;4.0;90.0;55.0;54.0;32.0;-74.0;47.0;6.0;-4.0;-28.0;-17.0;5.0;-4.0;5.0;40.0;70.0;46.0;81.0;77.0;47.0;8.0;39.0;6.0;43.0;27.0;20.0;67.0;41.0;27.0;55.0;41.0;24.0;23.0;37.0;17.0;11.0;10.0;45.0;30.0;21.0;-71.0;-30.0;-26.0;-17.0;30.0;-2.0;30.0;0;09:45:00;-1;SUN;EVE
ASV X WES 2015-05-09;0;2015-05-09;5.0;25.0;21.0;11.0;49.0;32.0;26.0;48.0;31.0;23.0;16.0;6.0;11.0;2.0;3.0;4.0;-3.0;-10.0;-11.0;35.0;10.0;1.0;3.0;-6.0;80.0;47.0;32.0;24.0;18.0;-21.0;-10.0;-17.0;-6.0;6.0;45.0;63.0;55.0;41.0;62.0;13.0;-10.0;7.0;9.0;5.0;3.0;12.0;-31.0;-12.0;-27.0;-16.0;30.0;14.0;7.0;1.0;-1.0;-21.0;41.0;-13.0;-57.0;-36.0;-23.0;-14.0;-1.0;-3.0;-8.0;27.0;20.0;28.0;17.0;11.0;18.0;10.0;6.0;4.0;3.0;2.0;2.0;-4.0;46.0;-5.0;-7.0;-3.0;2.0;2.0;31.0;20.0;13.0;3.0;3.0;36.0;2.0;45.0;1;12:00:00;1;WES;ASV
HUL X BUR 2015-05-09;1;2015-05-09;-21.0;7.0;26.0;16.0;41.0;25.0;16.0;24.0;-34.0;-12.0;-6.0;-12.0;22.0;5.0;12.0;13.0;39.0;21.0;7.0;-6.0;-1.0;-23.0;-3.0;-44.0;-26.0;50.0;-41.0;-10.0;-4.0;5.0;50.0;30.0;37.0;-7.0;21.0;17.0;6.0;-6.0;-32.0;-1.0;0.0;-1.0;-27.0;48.0;21.0;-5.0;10.0;3.0;6.0;3.0;4.0;5.0;46.0;29.0;20.0;14.0;-7.0;11.0;6.0;-19.0;-82.0;-47.0;-37.0;-25.0;-12.0;7.0;39.0;5.0;55.0;29.0;24.0;20.0;90.0;48.0;30.0;19.0;17.0;15.0;2.0;-29.0;-9.0;-9.0;-4.0;6.0;-4.0;21.0;28.0;17.0;11.0;2.0;7.0;10.0;0;12:00:00;-1;BUR;HUL
LEI X SOU 2015-05-09;0;2015-05-09;6.0;15.0;8.0;-1.0;-1.0;-1.0;-5.0;-3.0;-2.0;-1.0;-1.0;22.0;75.0;4.0;2.0;-6.0;-2.0;-37.0;-19.0;-11.0;-6.0;-8.0;43.0;-11.0;-11.0;-11.0;-10.0;-15.0;36.0;7.0;-5.0;-5.0;1.0;25.0;-7.0;16.0;33.0;15.0;10.0;-5.0;-40.0;-6.0;-2.0;-4.0;-36.0;-41.0;-24.0;-17.0;-33.0;-28.0;-17.0;-8.0;-8.0;-11.0;27.0;14.0;-15.0;5.0;9.0;8.0;39.0;20.0;8.0;-9.0;-11.0;-13.0;-17.0;75.0;-9.0;-49.0;-52.0;-10.0;31.0;10.0;5.0;-5.0;-5.0;-9.0;35.0;-14.0;-22.0;-17.0;-14.0;-12.0;-5.0;-6.0;46.0;26.0;6.0;21.0;-5.0;-70.0;2;12:00:00;1;SOU;LEI
NEW X WBA 2015-05-09;1;2015-05-09;-4.0;5.0;40.0;27.0;18.0;12.0;8.0;3.0;3.0;8.0;11.0;-11.0;7.0;10.0;39.0;31.0;21.0;15.0;19.0;19.0;11.0;21.0;-10.0;18.0;40.0;-30.0;-38.0;31.0;13.0;11.0;19.0;-15.0;46.0;32.0;35.0;30.0;97.0;59.0;37.0;25.0;20.0;-2.0;4.0;-22.0;-7.0;6.0;9.0;6.0;12.0;17.0;14.0;6.0;12.0;4.0;9.0;7.0;-4.0;7.0;6.0;6.0;5.0;25.0;37.0;24.0;17.0;32.0;20.0;5.0;7.0;2.0;3.0;-43.0;-27.0;-18.0;-48.0;-26.0;27.0;4.0;-16.0;13.0;17.0;22.0;13.0;10.0;-38.0;-7.0;53.0;29.0;14.0;-9.0;13.0;60.0;1;12:00:00;0;WBA;NEW
STO X TOT 2015-05-09;0;2015-05-09;-5.0;9.0;3.0;-3.0;-2.0;-23.0;-21.0;-10.0;17.0;42.0;23.0;-1.0;-19.0;-11.0;75.0;35.0;15.0;-46.0;-16.0;-10.0;-12.0;-7.0;2.0;40.0;21.0;11.0;81.0;7.0;5.0;7.0;8.0;-1.0;1.0;41.0;1.0;2.0;42.0;21.0;14.0;2.0;-50.0;7.0;5.0;-64.0;-29.0;100.0;-16.0;-3.0;42.0;34.0;46.0;33.0;20.0;15.0;10.0;5.0;77.0;64.0;39.0;-49.0;-14.0;-12.0;-90.0;-57.0;-33.0;-13.0;-5.0;52.0;4.0;9.0;7.0;5.0;-19.0;37.0;17.0;7.0;5.0;11.0;32.0;65.0;35.0;-29.0;-2.0;-5.0;-25.0;-8.0;77.0;15.0;11.0;17.0;31.0;0.0;3;12:00:00;1;TOT;STO
CRY X MUN 2015-05-09;2;2015-05-09;-3.0;-59.0;-37.0;-25.0;-12.0;-33.0;-64.0;-46.0;-30.0;-26.0;-16.0;-4.0;-84.0;-52.0;-63.0;-40.0;-71.0;-79.0;47.0;9.0;2.0;2.0;-5.0;6.0;-3.0;-5.0;-5.0;-1.0;2.0;-3.0;-4.0;-5.0;-6.0;-6.0;-6.0;-6.0;-4.0;-2.0;-6.0;20.0;-25.0;-21.0;5.0;5.0;21.0;-26.0;16.0;10.0;10.0;5.0;1.0;4.0;12.0;81.0;48.0;8.0;-23.0;4.0;3.0;7.0;-4.0;7.0;6.0;5.0;4.0;4.0;3.0;-16.0;-4.0;2.0;22.0;9.0;-19.0;-5.0;27.0;8.0;-74.0;-37.0;-12.0;-20.0;-12.0;27.0;23.0;15.0;10.0;27.0;16.0;8.0;8.0;-30.0;-1.0;-20.0;1;14:30:00;-1;MUN;CRY
MCI X QPR 2015-05-10;0;2015-05-10;-2.0;-5.0;-5.0;-5.0;-4.0;24.0;16.0;13.0;41.0;23.0;-17.0;3.0;4.0;-7.0;-2.0;4.0;10.0;29.0;21.0;6.0;6.0;6.0;-2.0;-2.0;8.0;9.0;83.0;52.0;35.0;23.0;77.0;43.0;-37.0;18.0;-8.0;5.0;5.0;-1.0;36.0;26.0;-10.0;10.0;5.0;7.0;-16.0;83.0;80.0;47.0;32.0;18.0;16.0;13.0;40.0;26.0;-38.0;-10.0;52.0;-4.0;43.0;54.0;38.0;25.0;92.0;59.0;40.0;21.0;55.0;29.0;100.0;76.0;42.0;28.0;16.0;-28.0;43.0;19.0;14.0;41.0;10.0;29.0;17.0;13.0;11.0;7.0;-17.0;-24.0;-11.0;-3.0;4.0;2.0;4.0;95.0;6;10:30:00;1;QPR;MCI
CHE X LIV 2015-05-10;1;2015-05-10;1.0;-21.0;-18.0;-10.0;-5.0;-41.0;-27.0;-46.0;-27.0;-15.0;-1.0;-5.0;6.0;10.0;7.0;5.0;4.0;8.0;16.0;10.0;47.0;29.0;-2.0;13.0;8.0;46.0;25.0;16.0;11.0;8.0;3.0;13.0;4.0;-5.0;-4.0;-4.0;-1.0;22.0;3.0;-74.0;0.0;-42.0;-28.0;-45.0;-55.0;21.0;-31.0;-19.0;-12.0;-1.0;-7.0;-3.0;4.0;20.0;5.0;-7.0;85.0;-42.0;-76.0;-47.0;-29.0;-22.0;-56.0;-30.0;-19.0;-12.0;-2.0;51.0;-2.0;-2.0;1.0;1.0;40.0;29.0;18.0;11.0;26.0;13.0;31.0;7.0;-20.0;-18.0;-22.0;-7.0;-4.0;1.0;-5.0;-6.0;-43.0;-20.0;-55.0;5.0;1;13:00:00;0;LIV;CHE
ARS X SWA 2015-05-11;1;2015-05-11;2.0;-11.0;-3.0;4.0;9.0;9.0;13.0;11.0;10.0;9.0;-57.0;1.0;-27.0;-12.0;9.0;4.0;5.0;6.0;12.0;10.0;4.0;6.0;7.0;7.0;12.0;5.0;7.0;22.0;18.0;19.0;16.0;24.0;22.0;35.0;17.0;14.0;43.0;29.0;21.0;-1.0;-30.0;5.0;12.0;12.0;12.0;27.0;-20.0;-2.0;21.0;-10.0;6.0;4.0;-5.0;-2.0;1.0;41.0;17.0;23.0;44.0;26.0;16.0;46.0;27.0;14.0;8.0;10.0;53.0;13.0;36.0;47.0;93.0;65.0;40.0;88.0;61.0;76.0;89.0;100.0;-67.0;90.0;93.0;57.0;55.0;31.0;18.0;-70.0;-27.0;46.0;25.0;-33.0;6.0;40.0;0;17:00:00;-1;SWA;ARS
SOU X ASV 2015-05-16;1;2015-05-16;1.0;16.0;13.0;2.0;79.0;47.0;100.0;100.0;87.0;89.0;56.0;-10.0;-37.0;-13.0;14.0;4.0;-2.0;5.0;81.0;45.0;30.0;16.0;6.0;12.0;4.0;11.0;9.0;4.0;-2.0;4.0;-27.0;79.0;40.0;6.0;22.0;16.0;-37.0;-17.0;-2.0;4.0;-15.0;10.0;-6.0;4.0;21.0;3.0;61.0;35.0;20.0;11.0;4.0;-1.0;-6.0;-9.0;-36.0;45.0;2.0;62.0;66.0;39.0;4.0;-6.0;-8.0;-12.0;-33.0;-19.0;-21.0;-15.0;-13.0;-8.0;-10.0;-13.0;58.0;27.0;44.0;29.0;10.0;-3.0;-7.0;-3.0;78.0;41.0;23.0;6.0;1.0;-6.0;-11.0;18.0;4.0;41.0;-73.0;-45.0;6;09:45:00;1;ASV;SOU
BUR X STO 2015-05-16;0;2015-05-16;1.0;-6.0;-13.0;-1.0;1.0;1.0;5.0;4.0;2.0;21.0;73.0;40.0;43.0;25.0;15.0;12.0;43.0;35.0;21.0;7.0;-10.0;-6.0;24.0;-9.0;-45.0;-31.0;-23.0;-13.0;-7.0;-6.0;-3.0;6.0;-3.0;15.0;-2.0;-33.0;-51.0;-43.0;-27.0;-23.0;5.0;-20.0;-24.0;-16.0;-11.0;29.0;8.0;-3.0;-3.0;-2.0;38.0;13.0;10.0;-68.0;-33.0;-25.0;17.0;-17.0;18.0;11.0;9.0;22.0;16.0;5.0;-3.0;-3.0;-25.0;-20.0;-17.0;-13.0;-10.0;-8.0;-5.0;-5.0;3.0;-32.0;-22.0;-15.0;-6.0;-16.0;-12.0;-7.0;-7.0;-6.0;-10.0;-8.0;-6.0;-4.0;-8.0;-8.0;-35.0;0.0;0;12:00:00;0;STO;BUR
QPR X NEW 2015-05-16;1;2015-05-16;-5.0;-3.0;-6.0;-1.0;1.0;39.0;21.0;6.0;7.0;7.0;-2.0;-2.0;-42.0;-25.0;-37.0;-33.0;-21.0;-81.0;-54.0;-67.0;-40.0;-25.0;1.0;-16.0;-9.0;-2.0;-1.0;1.0;1.0;5.0;3.0;2.0;1.0;-4.0;-20.0;-6.0;6.0;6.0;-25.0;1.0;-130.0;1.0;20.0;7.0;-13.0;-2.0;-17.0;-13.0;-12.0;23.0;7.0;77.0;43.0;-33.0;-8.0;-12.0;1.0;38.0;11.0;81.0;-93.0;-28.0;-19.0;-10.0;-11.0;5.0;4.0;-24.0;-40.0;31.0;-40.0;-20.0;-11.0;6.0;1.0;2.0;7.0;4.0;-14.0;22.0;24.0;-70.0;-52.0;-40.0;-30.0;21.0;6.0;-21.0;-28.0;-7.0;-17.0;-100.0;2;12:00:00;1;NEW;QPR
SUN X LEI 2015-05-16;0;2015-05-16;1.0;30.0;78.0;44.0;27.0;12.0;-15.0;-8.0;-9.0;-4.0;-1.0;-5.0;31.0;19.0;17.0;11.0;7.0;83.0;45.0;-35.0;-4.0;-7.0;-1.0;-5.0;-2.0;31.0;18.0;-35.0;-13.0;-12.0;-29.0;-12.0;-4.0;1.0;-2.0;1.0;-25.0;-19.0;-21.0;-5.0;-25.0;-2.0;2.0;-69.0;-39.0;6.0;-32.0;-12.0;-6.0;2.0;2.0;3.0;22.0;14.0;9.0;6.0;8.0;10.0;-4.0;31.0;19.0;22.0;9.0;-9.0;-2.0;7.0;7.0;46.0;6.0;5.0;43.0;86.0;56.0;34.0;41.0;22.0;-20.0;-15.0;27.0;-38.0;-23.0;-13.0;6.0;6.0;41.0;45.0;27.0;16.0;-45.0;17.0;1.0;-30.0;0;12:00:00;0;LEI;SUN
TOT X HUL 2015-05-16;0;2015-05-16;1.0;29.0;12.0;7.0;53.0;33.0;19.0;11.0;-31.0;-17.0;-56.0;-6.0;-22.0;36.0;26.0;16.0;14.0;8.0;3.0;2.0;7.0;-30.0;5.0;-8.0;-4.0;-1.0;1.0;7.0;5.0;4.0;3.0;27.0;17.0;-6.0;11.0;7.0;-10.0;-3.0;-6.0;-5.0;0.0;-1.0;3.0;-48.0;-25.0;-2.0;-37.0;-40.0;-31.0;-18.0;-8.0;73.0;64.0;51.0;62.0;34.0;-1.0;12.0;-18.0;78.0;61.0;42.0;31.0;-20.0;6.0;6.0;3.0;-1.0;7.0;-20.0;-32.0;-13.0;-42.0;-19.0;-54.0;-24.0;16.0;13.0;-1.0;13.0;12.0;7.0;9.0;10.0;11.0;32.0;65.0;39.0;8.0;50.0;10.0;5.0;2;12:00:00;1;HUL;TOT
WES X EVE 2015-05-16;2;2015-05-16;1.0;-15.0;-9.0;79.0;64.0;67.0;34.0;19.0;-7.0;44.0;21.0;-2.0;12.0;6.0;3.0;-2.0;-2.0;-2.0;-6.0;-4.0;30.0;15.0;4.0;-31.0;-17.0;-11.0;10.0;-6.0;5.0;2.0;-6.0;-3.0;-7.0;-2.0;-5.0;-3.0;35.0;33.0;25.0;10.0;0.0;-5.0;30.0;18.0;-30.0;-92.0;-16.0;-9.0;-37.0;-22.0;-31.0;-17.0;-10.0;-3.0;-2.0;10.0;-59.0;6.0;3.0;22.0;88.0;51.0;30.0;13.0;6.0;-76.0;-75.0;-46.0;-44.0;-26.0;-15.0;-3.0;-10.0;-5.0;-4.0;-3.0;-37.0;-52.0;-49.0;-32.0;30.0;10.0;8.0;11.0;35.0;18.0;-46.0;-1.0;-42.0;-35.0;-47.0;-115.0;1;12:00:00;-1;EVE;WES
LIV X CRY 2015-05-16;3;2015-05-16;1.0;16.0;17.0;11.0;14.0;12.0;45.0;30.0;21.0;16.0;13.0;30.0;28.0;20.0;11.0;10.0;-17.0;-8.0;-1.0;79.0;20.0;17.0;26.0;14.0;3.0;6.0;-45.0;-29.0;-72.0;-42.0;-35.0;-22.0;-17.0;23.0;-11.0;-11.0;8.0;-3.0;-68.0;-37.0;0.0;8.0;16.0;-23.0;38.0;41.0;15.0;6.0;-28.0;33.0;11.0;4.0;10.0;41.0;54.0;30.0;32.0;-73.0;-30.0;-42.0;-20.0;43.0;26.0;-38.0;-3.0;3.0;33.0;34.0;20.0;17.0;-18.0;-1.0;23.0;18.0;13.0;17.0;47.0;34.0;33.0;27.0;48.0;31.0;8.0;12.0;14.0;14.0;6.0;12.0;4.0;26.0;5.0;-50.0;1;14:30:00;-1;CRY;LIV
SWA X MCI 2015-05-17;4;2015-05-17;-6.0;31.0;19.0;12.0;57.0;35.0;19.0;7.0;34.0;32.0;-20.0;-3.0;-19.0;-10.0;-83.0;-55.0;-36.0;-20.0;-12.0;-1.0;-50.0;-29.0;40.0;-17.0;-10.0;-21.0;-8.0;-5.0;-3.0;21.0;-75.0;-42.0;-30.0;22.0;-17.0;-7.0;1.0;-5.0;-6.0;1.0;45.0;-5.0;-62.0;-67.0;-39.0;13.0;-19.0;-16.0;-10.0;-4.0;-8.0;-10.0;10.0;36.0;76.0;40.0;7.0;18.0;-56.0;-34.0;-70.0;-81.0;70.0;11.0;-76.0;-42.0;-20.0;4.0;-15.0;-66.0;-31.0;-16.0;-7.0;-77.0;-34.0;-13.0;-6.0;-1.0;1.0;26.0;22.0;94.0;58.0;36.0;57.0;35.0;17.0;17.0;9.0;1.0;7.0;-70.0;2;10:30:00;-1;MCI;SWA
MUN X ARS 2015-05-17;1;2015-05-17;1.0;49.0;29.0;14.0;11.0;14.0;48.0;31.0;21.0;10.0;8.0;1.0;4.0;5.0;-3.0;3.0;4.0;10.0;1.0;1.0;1.0;6.0;2.0;3.0;78.0;46.0;28.0;17.0;40.0;24.0;14.0;19.0;52.0;3.0;24.0;4.0;3.0;1.0;-1.0;5.0;20.0;7.0;-6.0;-1.0;5.0;4.0;1.0;-21.0;-42.0;-25.0;35.0;13.0;-19.0;7.0;9.0;4.0;35.0;4.0;5.0;-9.0;-61.0;-35.0;-79.0;-45.0;-29.0;-6.0;-2.0;23.0;-4.0;-18.0;-8.0;-3.0;2.0;-3.0;2.0;22.0;15.0;10.0;15.0;12.0;28.0;11.0;-34.0;-4.0;-11.0;-7.0;-7.0;32.0;-39.0;11.0;-6.0;-15.0;1;13:00:00;0;ARS;MUN
WBA X CHE 2015-05-18;0;2015-05-18;-1.0;45.0;27.0;15.0;8.0;-31.0;-20.0;-13.0;-8.0;-6.0;-2.0;-1.0;-2.0;-2.0;4.0;-2.0;44.0;5.0;7.0;2.0;5.0;14.0;5.0;8.0;8.0;-7.0;-1.0;-63.0;-38.0;-34.0;-25.0;-21.0;-49.0;6.0;-35.0;-39.0;-21.0;31.0;20.0;1.0;0.0;1.0;76.0;41.0;25.0;27.0;16.0;3.0;5.0;-11.0;-11.0;-12.0;-13.0;-53.0;-37.0;-32.0;-21.0;55.0;90.0;46.0;17.0;-11.0;-9.0;-16.0;-14.0;-13.0;-13.0;-3.0;-13.0;-13.0;-13.0;-73.0;-48.0;-34.0;27.0;-8.0;-3.0;-33.0;-3.0;-21.0;-18.0;-3.0;-4.0;-8.0;-7.0;-7.0;-7.0;-7.0;-11.0;75.0;-8.0;-30.0;3;17:00:00;1;CHE;WBA
ARS X WBA 2015-05-24;1;2015-05-24;6.0;5.0;41.0;-31.0;-2.0;3.0;78.0;41.0;100.0;76.0;43.0;9.0;22.0;6.0;-5.0;40.0;26.0;20.0;58.0;46.0;30.0;29.0;6.0;63.0;40.0;44.0;31.0;24.0;62.0;42.0;100.0;68.0;46.0;9.0;21.0;9.0;18.0;12.0;4.0;-38.0;30.0;3.0;3.0;-13.0;-4.0;86.0;3.0;8.0;8.0;100.0;63.0;42.0;29.0;-56.0;-100.0;-55.0;56.0;-29.0;-8.0;5.0;-31.0;-19.0;-17.0;-11.0;-37.0;-20.0;-3.0;74.0;3.0;43.0;31.0;31.0;26.0;18.0;-67.0;-32.0;-17.0;-2.0;49.0;3.0;33.0;22.0;76.0;77.0;54.0;33.0;22.0;-37.0;23.0;28.0;4.0;-110.0;4;12:00:00;1;WBA;ARS
ASV X BUR 2015-05-24;1;2015-05-24;-6.0;-19.0;-8.0;7.0;7.0;7.0;6.0;11.0;38.0;20.0;19.0;-44.0;14.0;15.0;9.0;3.0;4.0;5.0;-28.0;-12.0;-4.0;13.0;-22.0;8.0;4.0;4.0;4.0;-3.0;3.0;8.0;27.0;100.0;73.0;-8.0;46.0;29.0;10.0;31.0;17.0;41.0;15.0;24.0;9.0;5.0;3.0;-11.0;31.0;57.0;34.0;10.0;6.0;35.0;26.0;19.0;15.0;12.0;-6.0;8.0;7.0;12.0;10.0;49.0;-37.0;-11.0;-3.0;4.0;24.0;-76.0;18.0;14.0;12.0;90.0;80.0;50.0;13.0;11.0;3.0;3.0;-51.0;9.0;15.0;11.0;9.0;38.0;25.0;17.0;13.0;10.0;6.0;-36.0;21.0;30.0;0;12:00:00;-1;BUR;ASV
CHE X SUN 2015-05-24;1;2015-05-24;3.0;6.0;6.0;7.0;2.0;-37.0;-38.0;64.0;27.0;19.0;12.0;9.0;-27.0;-7.0;-1.0;4.0;-37.0;-15.0;-26.0;-87.0;-19.0;-5.0;98.0;-1.0;3.0;19.0;17.0;12.0;10.0;8.0;81.0;50.0;32.0;81.0;21.0;15.0;1.0;-3.0;3.0;-3.0;-5.0;-18.0;-6.0;-29.0;-8.0;51.0;25.0;16.0;63.0;39.0;-36.0;10.0;75.0;48.0;33.0;21.0;33.0;16.0;68.0;44.0;40.0;28.0;40.0;18.0;14.0;12.0;-31.0;17.0;79.0;10.0;9.0;8.0;30.0;10.0;11.0;30.0;51.0;32.0;6.0;22.0;96.0;49.0;30.0;-22.0;-39.0;-26.0;-51.0;79.0;33.0;5.0;-42.0;0.0;3;12:00:00;1;SUN;CHE
CRY X SWA 2015-05-24;0;2015-05-24;1.0;32.0;19.0;12.0;18.0;7.0;3.0;3.0;2.0;2.0;-19.0;-10.0;-9.0;42.0;67.0;46.0;29.0;43.0;44.0;14.0;9.0;1.0;-4.0;-11.0;-18.0;-3.0;8.0;5.0;-3.0;8.0;26.0;12.0;9.0;-2.0;37.0;23.0;34.0;27.0;6.0;-6.0;35.0;-31.0;-37.0;-22.0;-13.0;1.0;-8.0;-2.0;-1.0;-1.0;-1.0;5.0;2.0;21.0;87.0;22.0;-4.0;12.0;7.0;-6.0;-6.0;-1.0;-1.0;-1.0;20.0;11.0;6.0;-1.0;2.0;5.0;29.0;11.0;10.0;4.0;40.0;20.0;-17.0;-4.0;-5.0;-3.0;-6.0;19.0;3.0;-2.0;-2.0;-10.0;-7.0;-3.0;-6.0;-2.0;-3.0;-5.0;1;12:00:00;1;SWA;CRY
EVE X TOT 2015-05-24;1;2015-05-24;1.0;-30.0;-21.0;-35.0;-23.0;-9.0;-12.0;-10.0;-46.0;43.0;-23.0;1.0;-10.0;-38.0;-62.0;-12.0;-8.0;-82.0;-54.0;-31.0;-23.0;-16.0;-5.0;-6.0;-6.0;-6.0;-3.0;30.0;20.0;7.0;8.0;4.0;-6.0;-2.0;-3.0;-7.0;5.0;27.0;12.0;-4.0;30.0;-5.0;-12.0;32.0;10.0;-30.0;37.0;23.0;50.0;28.0;18.0;5.0;-4.0;-16.0;-13.0;-11.0;-17.0;-9.0;-3.0;-9.0;-13.0;-35.0;-83.0;-62.0;-29.0;-25.0;-14.0;-13.0;-6.0;-34.0;-23.0;18.0;5.0;1.0;-8.0;33.0;14.0;1.0;-10.0;3.0;-8.0;-7.0;8.0;1.0;-7.0;14.0;-12.0;-9.0;-12.0;-49.0;-13.0;30.0;0;12:00:00;-1;TOT;EVE
HUL X MUN 2015-05-24;0;2015-05-24;1.0;14.0;59.0;38.0;23.0;14.0;9.0;2.0;2.0;7.0;50.0;1.0;55.0;33.0;20.0;12.0;5.0;7.0;5.0;8.0;1.0;1.0;-5.0;-10.0;-4.0;-2.0;1.0;1.0;2.0;7.0;9.0;10.0;6.0;-2.0;3.0;1.0;5.0;3.0;-5.0;1.0;-5.0;1.0;-5.0;-2.0;31.0;-5.0;23.0;15.0;21.0;14.0;13.0;8.0;1.0;11.0;8.0;6.0;-3.0;-29.0;22.0;5.0;4.0;54.0;66.0;34.0;27.0;17.0;8.0;41.0;4.0;4.0;3.0;8.0;86.0;48.0;30.0;29.0;18.0;5.0;19.0;4.0;3.0;2.0;42.0;36.0;22.0;14.0;9.0;3.0;2.0;22.0;-9.0;-25.0;0;12:00:00;0;MUN;HUL
LEI X QPR 2015-05-24;1;2015-05-24;1.0;-6.0;-35.0;-17.0;-11.0;-7.0;-40.0;74.0;29.0;16.0;13.0;29.0;9.0;-7.0;-4.0;4.0;-32.0;-19.0;-13.0;-30.0;-20.0;-17.0;16.0;28.0;8.0;4.0;40.0;21.0;-53.0;-26.0;-18.0;-21.0;-29.0;8.0;-11.0;-8.0;-7.0;68.0;38.0;22.0;30.0;-41.0;-24.0;-20.0;-7.0;34.0;20.0;86.0;50.0;100.0;61.0;40.0;-20.0;-80.0;-48.0;31.0;24.0;30.0;-30.0;1.0;6.0;31.0;-30.0;-5.0;21.0;29.0;65.0;11.0;61.0;66.0;33.0;18.0;7.0;3.0;-49.0;-29.0;-17.0;-9.0;5.0;-5.0;1.0;-20.0;-11.0;31.0;21.0;89.0;57.0;31.0;18.0;2.0;12.0;;5;12:00:00;1;QPR;LEI
MCI X SOU 2015-05-24;0;2015-05-24;-6.0;10.0;7.0;4.0;8.0;4.0;3.0;-4.0;2.0;2.0;7.0;-39.0;5.0;-59.0;37.0;3.0;100.0;78.0;52.0;25.0;16.0;27.0;-29.0;37.0;98.0;60.0;77.0;40.0;53.0;22.0;9.0;24.0;46.0;-14.0;21.0;9.0;7.0;4.0;6.0;7.0;-35.0;-27.0;-10.0;-7.0;-1.0;8.0;4.0;1.0;4.0;-2.0;-6.0;-9.0;-6.0;40.0;19.0;6.0;3.0;-6.0;-1.0;20.0;-11.0;-21.0;-13.0;-13.0;-50.0;-35.0;-25.0;12.0;30.0;7.0;-41.0;-59.0;-40.0;-26.0;30.0;10.0;8.0;10.0;8.0;-11.0;-5.0;5.0;30.0;-31.0;-7.0;-4.0;20.0;100.0;62.0;25.0;-21.0;20.0;2;12:00:00;1;SOU;MCI
NEW X WES 2015-05-24;0;2015-05-24;-1.0;-3.0;-1.0;38.0;19.0;5.0;-7.0;-3.0;-6.0;-5.0;29.0;-5.0;19.0;10.0;-7.0;-6.0;-47.0;-35.0;-27.0;-17.0;-16.0;-8.0;-5.0;-5.0;-4.0;39.0;20.0;6.0;7.0;33.0;15.0;8.0;9.0;-5.0;34.0;17.0;9.0;4.0;1.0;-2.0;30.0;-2.0;1.0;51.0;31.0;-21.0;19.0;42.0;26.0;17.0;86.0;47.0;26.0;11.0;-10.0;-6.0;28.0;-2.0;1.0;1.0;7.0;5.0;3.0;3.0;-10.0;-3.0;2.0;6.0;2.0;-29.0;-14.0;-12.0;-5.0;32.0;20.0;63.0;39.0;-24.0;-8.0;12.0;6.0;-4.0;2.0;-19.0;82.0;43.0;27.0;-24.0;-1.0;-4.0;-5.0;5.0;2;12:00:00;1;WES;NEW
STO X LIV 2015-05-24;1;2015-05-24;2.0;54.0;27.0;15.0;-52.0;-16.0;-15.0;-15.0;-15.0;-6.0;-6.0;-4.0;4.0;-7.0;-5.0;74.0;34.0;18.0;9.0;79.0;39.0;-27.0;2.0;-3.0;34.0;11.0;-7.0;-42.0;-25.0;-29.0;-19.0;-9.0;-1.0;-2.0;2.0;2.0;78.0;47.0;28.0;11.0;40.0;-1.0;-5.0;-68.0;-36.0;29.0;-26.0;-16.0;-9.0;-1.0;-1.0;-1.0;-26.0;-16.0;-5.0;-3.0;14.0;-2.0;-1.0;-5.0;-4.0;-42.0;-30.0;-78.0;-32.0;-24.0;-42.0;2.0;-25.0;-85.0;-92.0;-55.0;-31.0;-18.0;-56.0;-35.0;-31.0;-19.0;-7.0;-12.0;19.0;8.0;9.0;-7.0;39.0;20.0;85.0;54.0;31.0;-4.0;14.0;-35.0;6;12:00:00;1;LIV;STO
