game;Accurate passes_away;Accurate passes_home;Aerials won_away;Aerials won_home;Ball possession_away;Ball possession_home;Blocked shots_away;Blocked shots_home;Corner kicks_away;Corner kicks_home;Counter attacks_away;Counter attacks_home;Duels won_away;Duels won_home;Fouls_away;Fouls_home;Goalkeeper saves_away;Goalkeeper saves_home;Hit woodwork_away;Hit woodwork_home;Offsides_away;Offsides_home;Passes_away;Passes_home;Red cards_away;Red cards_home;Shots inside box_away;Shots inside box_home;Shots off target_away;Shots off target_home;Shots on target_away;Shots on target_home;Shots outside box_away;Shots outside box_home;Total shots_away;Total shots_home;Yellow cards_away;Yellow cards_home;away_score;data;form_minute_1;form_minute_10;form_minute_11;form_minute_12;form_minute_13;form_minute_14;form_minute_15;form_minute_16;form_minute_17;form_minute_18;form_minute_19;form_minute_2;form_minute_20;form_minute_21;form_minute_22;form_minute_23;form_minute_24;form_minute_25;form_minute_26;form_minute_27;form_minute_28;form_minute_29;form_minute_3;form_minute_30;form_minute_31;form_minute_32;form_minute_33;form_minute_34;form_minute_35;form_minute_36;form_minute_37;form_minute_38;form_minute_39;form_minute_4;form_minute_40;form_minute_41;form_minute_42;form_minute_43;form_minute_44;form_minute_45;form_minute_45.5;form_minute_46;form_minute_47;form_minute_48;form_minute_49;form_minute_5;form_minute_50;form_minute_51;form_minute_52;form_minute_53;form_minute_54;form_minute_55;form_minute_56;form_minute_57;form_minute_58;form_minute_59;form_minute_6;form_minute_60;form_minute_61;form_minute_62;form_minute_63;form_minute_64;form_minute_65;form_minute_66;form_minute_67;form_minute_68;form_minute_69;form_minute_7;form_minute_70;form_minute_71;form_minute_72;form_minute_73;form_minute_74;form_minute_75;form_minute_76;form_minute_77;form_minute_78;form_minute_79;form_minute_8;form_minute_80;form_minute_81;form_minute_82;form_minute_83;form_minute_84;form_minute_85;form_minute_86;form_minute_87;form_minute_88;form_minute_89;form_minute_9;form_minute_90;form_minute_90.5;home_score;hora;result;team_away;team_home
MCI X LIV 2014-08-25;441 (0%);506 (0%);8;7;47%;52%;4;1;7;6;1;0;46;34;7;13;1;3;;;1;1;508;586;;;;;4;4;11;9;;;15;13;1;1;1;2014-08-25;;;;;;;;;;;;;;;;;;;;;;;;;;;;;;;;;;;;;;;;;;;;;;;;;;;;;;;;;;;;;;;;;;;;;;;;;;;;;;;;;;;;;;;;;;;;;3;17:00:00;1;LIV;MCI
MCI X TOT 2014-10-18;287 (76%);529 (86%);6;6;39%;61%;8;4;4;3;0;3;56;49;9;11;8;6;0;1;2;3;377;618;1;0;7;17;4;4;7;12;12;3;19;20;2;1;1;2014-10-18;;;;;;;;;;;;;;;;;;;;;;;;;;;;;;;;;;;;;;;;;;;;;;;;;;;;;;;;;;;;;;;;;;;;;;;;;;;;;;;;;;;;;;;;;;;;;4;09:45:00;1;TOT;MCI
NEW X CHE 2014-12-06;533 (85%);222 (71%);36;20;67%;33%;5;3;10;1;0;2;79;59;6;8;1;7;1;0;4;1;627;314;0;1;17;5;13;4;8;3;9;5;26;10;3;4;1;2014-12-06;;;;;;;;;;;;;;;;;;;;;;;;;;;;;;;;;;;;;;;;;;;;;;;;;;;;;;;;;;;;;;;;;;;;;;;;;;;;;;;;;;;;;;;;;;;;;2;10:45:00;1;CHE;NEW
CHE X MCI 2015-01-31;436 (80%);296 (71%);18;25;58%;42%;0;0;8;1;1;0;69;81;14;12;1;4;;;3;2;544;416;;;8;2;4;1;5;2;1;1;9;3;2;0;1;2015-01-31;;;;;;;;;;;;;;;;;;;;;;;;;;;;;;;;;;;;;;;;;;;;;;;;;;;;;;;;;;;;;;;;;;;;;;;;;;;;;;;;;;;;;;;;;;;;;1;15:30:00;0;MCI;CHE
ARS X ASV 2015-02-01;464 (85%);420 (83%);13;25;52%;48%;2;2;7;7;;;47;63;10;6;3;2;0;2;0;3;549;508;;;4;8;5;3;2;8;5;5;9;13;2;0;0;2015-02-01;;;;;;;;;;;;;;;;;;;;;;;;;;;;;;;;;;;;;;;;;;;;;;;;;;;;;;;;;;;;;;;;;;;;;;;;;;;;;;;;;;;;;;;;;;;;;5;11:30:00;1;ASV;ARS
LEI X CHE 2015-04-29;496 (81%);240 (69%);29;20;63%;37%;2;2;6;2;1;0;59;47;1;10;1;1;0;1;3;4;609;349;;;6;4;5;4;4;2;5;4;11;8;0;1;3;2015-04-29;-1.0;2.0;31.0;20.0;16.0;4.0;-6.0;-4.0;-3.0;-2.0;-21.0;-5.0;-13.0;50.0;24.0;14.0;9.0;5.0;-1.0;-25.0;-20.0;-47.0;-3.0;-33.0;-20.0;25.0;5.0;-24.0;-12.0;-15.0;-19.0;27.0;37.0;-2.0;19.0;49.0;16.0;4.0;-9.0;-7.0;75.0;-7.0;-10.0;-87.0;-88.0;5.0;-58.0;-35.0;-52.0;-36.0;-30.0;-21.0;-17.0;-7.0;-7.0;-8.0;3.0;-13.0;-32.0;-23.0;-48.0;-32.0;-53.0;-9.0;21.0;7.0;1.0;3.0;-23.0;-15.0;28.0;7.0;1.0;-3.0;-3.0;-6.0;-6.0;-100.0;-4.0;-77.0;-43.0;-28.0;-94.0;-49.0;-32.0;-27.0;-18.0;-13.0;-10.0;2.0;-8.0;-5.0;1;16:45:00;-1;CHE;LEI
SWA X LIV 2015-03-16;479 (85%);395 (82%);6;11;54%;46%;3;4;5;4;1;1;57;52;16;13;3;4;1;0;0;1;566;483;;;6;2;8;3;5;3;10;8;16;10;3;0;1;2015-03-16;5.0;3.0;3.0;3.0;26.0;18.0;-18.0;-1.0;-3.0;-10.0;-48.0;-51.0;-29.0;-15.0;-7.0;7.0;6.0;5.0;14.0;9.0;6.0;-34.0;-23.0;-16.0;37.0;16.0;11.0;45.0;33.0;23.0;10.0;47.0;46.0;-14.0;48.0;29.0;15.0;-33.0;-19.0;-3.0;-5.0;-3.0;8.0;-3.0;-3.0;8.0;3.0;3.0;-3.0;3.0;-2.0;-1.0;-22.0;-30.0;-64.0;-55.0;13.0;39.0;23.0;13.0;4.0;2.0;-3.0;-4.0;-44.0;-27.0;-92.0;13.0;-61.0;-38.0;-21.0;-9.0;3.0;-7.0;-33.0;-56.0;-35.0;-23.0;-28.0;-19.0;-11.0;-5.0;-4.0;4.0;-2.0;-1.0;-7.0;-4.0;-3.0;-3.0;-6.0;-50.0;0;18:00:00;-1;LIV;SWA
MCI X WBA 2015-03-21;147 (67%);707 (93%);7;11;23%;77%;0;12;2;9;;;34;43;5;6;13;0;1;2;3;2;221;761;1;0;3;23;3;15;0;16;0;20;3;43;;;0;2015-03-21;6.0;18.0;17.0;11.0;48.0;58.0;41.0;70.0;48.0;32.0;53.0;9.0;38.0;26.0;27.0;57.0;38.0;29.0;23.0;100.0;72.0;54.0;22.0;38.0;29.0;81.0;55.0;68.0;47.0;69.0;43.0;32.0;23.0;19.0;20.0;100.0;72.0;49.0;100.0;75.0;70.0;3.0;43.0;32.0;21.0;13.0;14.0;100.0;87.0;53.0;73.0;85.0;38.0;64.0;40.0;100.0;8.0;86.0;100.0;87.0;50.0;24.0;13.0;-17.0;-5.0;4.0;34.0;6.0;24.0;19.0;10.0;-62.0;-1.0;4.0;5.0;27.0;100.0;61.0;4.0;36.0;25.0;13.0;6.0;8.0;9.0;29.0;27.0;20.0;31.0;28.0;5.0;35.0;3;10:45:00;1;WBA;MCI
ASV X SWA 2015-03-21;403 (82%);260 (72%);15;21;58%;42%;2;4;9;4;1;0;55;53;9;13;3;4;;;7;1;494;360;;;7;10;1;5;6;3;2;2;9;12;;;1;2015-03-21;-6.0;3.0;10.0;4.0;-3.0;-2.0;-3.0;-4.0;-4.0;-4.0;-9.0;-11.0;-7.0;-11.0;-4.0;-4.0;-44.0;-48.0;-35.0;-23.0;-16.0;8.0;-9.0;9.0;3.0;-3.0;-3.0;38.0;18.0;4.0;-23.0;-38.0;-31.0;-13.0;-24.0;-20.0;-11.0;-10.0;-16.0;-15.0;-5.0;-6.0;6.0;7.0;-15.0;-11.0;-4.0;11.0;-5.0;-39.0;-92.0;-54.0;51.0;31.0;12.0;9.0;-49.0;2.0;-1.0;2.0;-9.0;-8.0;-28.0;-20.0;-15.0;-17.0;-8.0;-36.0;-7.0;-8.0;26.0;9.0;-25.0;-9.0;-25.0;-17.0;-10.0;-4.0;-24.0;35.0;20.0;6.0;-6.0;5.0;30.0;17.0;-46.0;-51.0;35.0;-4.0;-1.0;30.0;0;13:00:00;-1;SWA;ASV
STO X CRY 2015-03-21;225 (68%);317 (74%);23;32;44%;56%;3;5;4;8;1;0;60;69;14;15;3;1;1;0;;;331;426;;;9;10;6;8;3;4;3;7;12;17;4;3;2;2015-03-21;1.0;-35.0;-13.0;63.0;64.0;46.0;100.0;65.0;37.0;22.0;21.0;1.0;9.0;8.0;3.0;4.0;-6.0;-3.0;-3.0;-2.0;-2.0;-31.0;1.0;-24.0;-15.0;25.0;18.0;12.0;6.0;8.0;2.0;-26.0;-45.0;11.0;-28.0;-92.0;-55.0;-32.0;-17.0;-26.0;-75.0;-14.0;-26.0;-18.0;-4.0;7.0;12.0;7.0;-29.0;62.0;-29.0;-44.0;-24.0;-40.0;32.0;45.0;-5.0;63.0;35.0;31.0;14.0;13.0;28.0;20.0;19.0;64.0;81.0;1.0;99.0;62.0;39.0;22.0;16.0;7.0;5.0;4.0;3.0;3.0;1.0;-19.0;-48.0;-32.0;-13.0;32.0;16.0;14.0;5.0;13.0;12.0;-4.0;28.0;40.0;1;13:00:00;-1;CRY;STO
WES X SUN 2015-03-21;212 (64%);274 (75%);19;29;47%;53%;1;7;4;6;0;1;59;51;11;14;3;3;;;1;1;330;365;;;4;11;3;4;3;4;3;4;7;15;1;0;0;2015-03-21;1.0;-6.0;-1.0;3.0;5.0;9.0;-28.0;-11.0;21.0;48.0;68.0;2.0;43.0;26.0;29.0;20.0;9.0;6.0;4.0;21.0;18.0;11.0;3.0;-10.0;-1.0;46.0;-45.0;-10.0;-6.0;-3.0;-1.0;7.0;9.0;-18.0;10.0;15.0;13.0;52.0;65.0;-10.0;-40.0;-14.0;-43.0;-26.0;-11.0;-7.0;-7.0;-4.0;-31.0;-19.0;-22.0;-14.0;-9.0;-4.0;-3.0;-2.0;-7.0;-2.0;-7.0;-35.0;-21.0;15.0;4.0;2.0;2.0;40.0;26.0;-2.0;18.0;19.0;14.0;29.0;50.0;37.0;25.0;-37.0;-36.0;-20.0;-39.0;-9.0;-2.0;4.0;-17.0;-9.0;-2.0;4.0;3.0;6.0;82.0;-14.0;9.0;5.0;1;15:30:00;1;SUN;WES
ARS X LIV 2015-04-04;421 (83%);400 (84%);8;9;52%;48%;2;2;5;6;;;55;57;9;7;6;1;1;1;3;4;509;479;1;0;6;10;9;4;2;10;7;6;13;16;2;1;1;2015-04-04;32.0;1.0;-21.0;-12.0;-7.0;-3.0;6.0;-5.0;1.0;1.0;1.0;19.0;-5.0;-2.0;-31.0;-18.0;-12.0;-38.0;-19.0;-10.0;-7.0;-6.0;12.0;-2.0;-3.0;2.0;2.0;2.0;7.0;6.0;79.0;48.0;35.0;48.0;96.0;58.0;50.0;61.0;37.0;13.0;80.0;2.0;4.0;-7.0;4.0;90.0;24.0;12.0;15.0;8.0;8.0;41.0;83.0;-62.0;-9.0;-37.0;72.0;-26.0;-19.0;-5.0;-2.0;-34.0;-18.0;-29.0;-16.0;-9.0;-1.0;44.0;7.0;-9.0;-51.0;-29.0;-16.0;-59.0;-33.0;-85.0;-54.0;-31.0;26.0;-19.0;47.0;26.0;12.0;8.0;26.0;43.0;26.0;16.0;30.0;7.0;17.0;155.0;4;09:45:00;1;LIV;ARS
SUN X CRY 2015-04-11;249 (70%);304 (75%);12;16;47%;53%;6;4;4;8;2;0;64;70;17;15;2;1;0;1;;;355;405;;;10;7;3;5;5;3;4;5;14;12;2;2;4;2015-04-11;1.0;1.0;1.0;1.0;1.0;1.0;1.0;-5.0;-1.0;41.0;24.0;-5.0;-20.0;-2.0;1.0;-7.0;-9.0;-8.0;-14.0;-3.0;31.0;22.0;6.0;12.0;2.0;5.0;-6.0;-3.0;-2.0;-1.0;-1.0;-1.0;-21.0;2.0;30.0;9.0;10.0;5.0;4.0;40.0;20.0;-26.0;-2.0;-2.0;-77.0;2.0;-54.0;-31.0;-94.0;-52.0;-66.0;-74.0;-45.0;-27.0;-17.0;-8.0;1.0;-3.0;-7.0;-45.0;-62.0;-43.0;-16.0;-80.0;-35.0;-19.0;25.0;1.0;11.0;10.0;-6.0;-5.0;-6.0;-5.0;-3.0;-7.0;-5.0;-3.0;1.0;-8.0;-5.0;-8.0;60.0;11.0;6.0;2.0;31.0;18.0;11.0;1.0;41.0;150.0;1;12:00:00;-1;CRY;SUN
TOT X ASV 2015-04-11;247 (68%);368 (79%);21;16;43%;57%;2;2;6;9;;;71;64;12;11;3;2;1;0;2;5;363;468;1;0;8;9;6;9;3;3;3;5;11;14;4;3;1;2015-04-11;1.0;-3.0;8.0;6.0;6.0;6.0;26.0;17.0;12.0;10.0;8.0;1.0;-28.0;33.0;12.0;19.0;13.0;12.0;57.0;81.0;49.0;71.0;1.0;38.0;15.0;16.0;10.0;-4.0;-4.0;-76.0;-24.0;27.0;2.0;1.0;28.0;58.0;9.0;-39.0;-24.0;27.0;-80.0;-4.0;-6.0;-2.0;-5.0;1.0;-52.0;-30.0;-16.0;-9.0;-4.0;51.0;31.0;26.0;29.0;25.0;5.0;49.0;32.0;26.0;18.0;-17.0;-3.0;-9.0;-3.0;-3.0;4.0;3.0;44.0;59.0;43.0;29.0;40.0;43.0;61.0;44.0;34.0;21.0;7.0;14.0;7.0;6.0;-3.0;-87.0;-90.0;-71.0;-45.0;-44.0;-12.0;4.0;-8.0;15.0;0;12:00:00;-1;ASV;TOT
WES X STO 2015-04-11;335 (78%);152 (65%);27;20;65%;35%;6;3;10;4;0;2;63;53;13;17;2;1;1;0;4;2;428;235;;;7;6;10;5;2;3;11;5;18;11;1;3;1;2015-04-11;1.0;15.0;8.0;35.0;-21.0;-5.0;5.0;40.0;21.0;13.0;8.0;19.0;4.0;-1.0;-5.0;-3.0;-2.0;-2.0;-6.0;-3.0;-27.0;-56.0;41.0;-34.0;-47.0;-36.0;-22.0;-17.0;-13.0;-8.0;-37.0;-54.0;-100.0;24.0;-69.0;-43.0;-56.0;-33.0;-17.0;-3.0;5.0;-4.0;-5.0;-10.0;-9.0;18.0;-12.0;-10.0;-8.0;-7.0;13.0;2.0;-38.0;-58.0;-37.0;-25.0;15.0;-17.0;-10.0;-36.0;-29.0;-34.0;-23.0;-16.0;-9.0;-8.0;-11.0;82.0;-14.0;-15.0;57.0;10.0;8.0;7.0;2.0;-25.0;-17.0;-8.0;46.0;-18.0;-58.0;-16.0;-42.0;-23.0;-20.0;-16.0;27.0;3.0;-3.0;27.0;-3.0;-100.0;1;12:00:00;0;STO;WES
ASV X QPR 2015-04-07;166 (64%);345 (74%);30;30;37%;63%;3;5;3;7;0;2;70;67;0;0;4;2;;;2;4;259;464;;;7;13;3;9;5;7;4;8;11;21;4;0;3;2015-04-07;6.0;-13.0;76.0;45.0;78.0;51.0;27.0;16.0;16.0;12.0;18.0;13.0;44.0;33.0;22.0;36.0;48.0;29.0;40.0;26.0;37.0;48.0;8.0;31.0;15.0;11.0;-18.0;78.0;51.0;37.0;24.0;-48.0;-22.0;5.0;38.0;14.0;10.0;11.0;5.0;-2.0;0.0;1.0;1.0;-5.0;-1.0;3.0;11.0;11.0;7.0;4.0;42.0;3.0;-76.0;-44.0;-16.0;-13.0;7.0;-7.0;-1.0;1.0;1.0;-40.0;-21.0;-12.0;-6.0;-2.0;2.0;3.0;-5.0;1.0;1.0;-30.0;-16.0;-13.0;-12.0;-11.0;-43.0;-60.0;-75.0;-33.0;-21.0;13.0;45.0;66.0;36.0;19.0;13.0;37.0;21.0;-22.0;10.0;85.0;3;16:45:00;0;QPR;ASV
CRY X WBA 2015-04-18;133 (60%);373 (81%);22;16;32%;68%;1;5;6;7;;;66;67;17;17;4;1;0;1;2;1;221;460;;;4;13;3;10;4;4;4;6;8;19;3;3;2;2015-04-18;4.0;42.0;27.0;29.0;20.0;25.0;11.0;-11.0;-4.0;5.0;-1.0;-22.0;30.0;24.0;30.0;19.0;17.0;94.0;61.0;36.0;22.0;7.0;-87.0;-41.0;41.0;29.0;30.0;26.0;26.0;25.0;16.0;16.0;17.0;-18.0;17.0;12.0;12.0;7.0;9.0;41.0;-20.0;12.0;38.0;52.0;41.0;-42.0;49.0;83.0;52.0;13.0;-76.0;-42.0;40.0;11.0;4.0;40.0;-31.0;21.0;2.0;3.0;4.0;12.0;-28.0;-8.0;8.0;3.0;8.0;-10.0;9.0;2.0;3.0;4.0;24.0;11.0;3.0;-79.0;-63.0;-17.0;-3.0;32.0;15.0;11.0;15.0;49.0;28.0;25.0;23.0;17.0;5.0;-2.0;34.0;30.0;0;12:00:00;-1;WBA;CRY
EVE X BUR 2015-04-18;164 (62%);420 (83%);29;20;35%;65%;4;4;6;5;2;6;53;57;15;12;7;1;0;1;0;1;263;506;1;0;4;10;5;9;1;8;6;11;10;21;4;1;0;2015-04-18;2.0;3.0;23.0;14.0;14.0;4.0;4.0;42.0;26.0;16.0;41.0;-4.0;26.0;19.0;22.0;-39.0;-15.0;-7.0;-8.0;-4.0;1.0;77.0;32.0;17.0;12.0;8.0;56.0;29.0;21.0;8.0;6.0;-4.0;2.0;23.0;-48.0;-20.0;-9.0;-17.0;48.0;33.0;15.0;13.0;15.0;92.0;62.0;-29.0;40.0;5.0;-4.0;12.0;33.0;25.0;47.0;29.0;-19.0;-12.0;-7.0;-6.0;-15.0;-7.0;7.0;3.0;3.0;58.0;36.0;22.0;14.0;7.0;49.0;26.0;16.0;41.0;25.0;13.0;13.0;49.0;18.0;11.0;2.0;8.0;5.0;2.0;39.0;25.0;17.0;-28.0;-28.0;-22.0;-16.0;2.0;3.0;75.0;1;12:00:00;1;BUR;EVE
LEI X SWA 2015-04-18;440 (82%);247 (70%);11;19;59%;41%;2;2;3;6;0;3;44;69;5;6;4;6;;;3;0;534;355;;;3;12;2;10;6;6;7;6;10;18;2;0;0;2015-04-18;1.0;-5.0;-5.0;-3.0;-1.0;-1.0;21.0;52.0;31.0;18.0;6.0;1.0;2.0;86.0;49.0;59.0;5.0;8.0;-1.0;1.0;-47.0;-28.0;11.0;-20.0;18.0;-8.0;-3.0;3.0;-3.0;-9.0;-27.0;-24.0;-17.0;7.0;-13.0;-10.0;22.0;12.0;-39.0;-16.0;-40.0;2.0;2.0;25.0;48.0;-5.0;52.0;24.0;7.0;-47.0;-34.0;24.0;24.0;3.0;-37.0;-24.0;6.0;-22.0;-21.0;-18.0;34.0;21.0;-25.0;6.0;-95.0;-57.0;-28.0;2.0;-9.0;6.0;7.0;30.0;28.0;22.0;18.0;17.0;44.0;26.0;1.0;21.0;18.0;46.0;50.0;100.0;80.0;42.0;27.0;19.0;9.0;5.0;80.0;0.0;2;12:00:00;1;SWA;LEI
STO X SOU 2015-04-18;331 (74%);296 (72%);20;19;52%;48%;3;4;5;2;2;1;65;53;17;17;0;3;0;1;2;3;447;412;;;7;9;3;9;6;2;5;6;12;15;4;0;1;2015-04-18;2.0;-4.0;-5.0;-16.0;-2.0;-4.0;8.0;4.0;-29.0;-18.0;-9.0;3.0;-10.0;-4.0;-59.0;-63.0;-36.0;57.0;26.0;16.0;12.0;8.0;-3.0;2.0;-34.0;-18.0;-4.0;-6.0;-38.0;-19.0;-10.0;12.0;4.0;27.0;6.0;-24.0;-9.0;28.0;4.0;9.0;5.0;2.0;77.0;48.0;20.0;17.0;24.0;9.0;-4.0;49.0;31.0;-62.0;-26.0;-16.0;-14.0;-10.0;12.0;-2.0;36.0;25.0;-35.0;-11.0;-1.0;-5.0;-5.0;-2.0;-3.0;14.0;-44.0;-33.0;-24.0;-24.0;-19.0;-18.0;-15.0;-13.0;-7.0;-4.0;5.0;40.0;17.0;15.0;9.0;80.0;44.0;26.0;15.0;18.0;5.0;-3.0;-1.0;20.0;2;12:00:00;1;SOU;STO
CHE X MUN 2015-04-18;607 (91%);202 (71%);17;14;71%;29%;5;3;7;3;0;1;59;63;11;13;1;2;1;1;3;2;664;283;;;7;3;8;2;2;2;8;4;15;7;1;3;0;2015-04-18;7.0;21.0;11.0;-32.0;-37.0;-25.0;-16.0;-10.0;4.0;-2.0;-22.0;6.0;-13.0;-14.0;-10.0;-7.0;-4.0;-18.0;-11.0;-8.0;-6.0;24.0;5.0;11.0;-7.0;-7.0;-4.0;-10.0;-7.0;-5.0;4.0;-2.0;74.0;5.0;22.0;16.0;8.0;3.0;-4.0;-2.0;-20.0;-2.0;-7.0;-6.0;-5.0;-32.0;-15.0;-17.0;-22.0;-6.0;-16.0;38.0;9.0;-18.0;-15.0;-16.0;-18.0;-20.0;-59.0;-71.0;-54.0;-34.0;-42.0;-28.0;-16.0;-46.0;-69.0;-12.0;-42.0;-32.0;-21.0;38.0;17.0;12.0;5.0;-48.0;-31.0;-20.0;19.0;-19.0;-19.0;-15.0;-66.0;-46.0;-39.0;-25.0;-16.0;-8.0;-6.0;35.0;-8.0;10.0;1;14:30:00;1;MUN;CHE
MCI X WES 2015-04-19;261 (78%);612 (91%);15;12;34%;66%;3;8;3;6;0;4;47;38;6;10;2;3;;;4;5;336;675;;;7;15;3;7;3;3;2;4;9;18;2;2;0;2015-04-19;4.0;5.0;37.0;64.0;41.0;10.0;11.0;5.0;91.0;89.0;54.0;5.0;27.0;17.0;-59.0;-34.0;-19.0;-14.0;-7.0;7.0;9.0;-39.0;7.0;-28.0;-25.0;-14.0;-7.0;2.0;-9.0;72.0;36.0;18.0;7.0;27.0;-9.0;-10.0;-9.0;-4.0;3.0;3.0;0.0;4.0;5.0;10.0;9.0;50.0;27.0;24.0;16.0;32.0;21.0;13.0;40.0;22.0;-12.0;-7.0;28.0;19.0;3.0;20.0;11.0;5.0;6.0;9.0;19.0;16.0;15.0;24.0;13.0;12.0;11.0;11.0;11.0;11.0;6.0;8.0;34.0;20.0;18.0;16.0;14.0;13.0;10.0;41.0;24.0;25.0;16.0;-24.0;-89.0;7.0;-41.0;0.0;2;10:30:00;1;WES;MCI
NEW X TOT 2015-04-19;447 (82%);218 (67%);11;12;62%;38%;3;3;3;4;2;0;54;83;13;11;4;5;;;5;1;544;327;;;7;7;3;3;8;5;7;4;14;11;4;2;3;2015-04-19;-1.0;-1.0;-1.0;5.0;-6.0;-3.0;40.0;21.0;11.0;6.0;3.0;-1.0;35.0;13.0;2.0;-1.0;-1.0;-3.0;-2.0;5.0;1.0;-1.0;-16.0;-1.0;-76.0;-51.0;-26.0;-16.0;-5.0;-6.0;-7.0;-5.0;40.0;-15.0;15.0;3.0;1.0;10.0;-41.0;-17.0;5.0;-1.0;75.0;42.0;18.0;-9.0;8.0;-8.0;-13.0;-10.0;-77.0;-78.0;-48.0;-30.0;-19.0;-8.0;-1.0;-4.0;3.0;3.0;-13.0;-12.0;-9.0;-7.0;-67.0;-21.0;23.0;5.0;-12.0;-4.0;-2.0;-3.0;-10.0;-77.0;-47.0;39.0;-42.0;-27.0;2.0;19.0;32.0;9.0;6.0;-27.0;-6.0;-2.0;4.0;4.0;27.0;1.0;18.0;-55.0;1;13:00:00;-1;TOT;NEW
HUL X LIV 2015-04-28;498 (84%);168 (65%);15;14;69%;31%;2;1;7;7;;;66;57;10;10;3;9;;;0;1;591;260;;;6;4;1;2;9;4;6;3;12;7;0;2;0;2015-04-28;1.0;-2.0;6.0;-5.0;1.0;1.0;1.0;6.0;8.0;25.0;15.0;1.0;-20.0;-6.0;-48.0;-25.0;43.0;19.0;54.0;37.0;44.0;25.0;-5.0;17.0;9.0;7.0;-38.0;-18.0;-10.0;-5.0;56.0;34.0;90.0;-22.0;54.0;-40.0;-7.0;6.0;-3.0;1.0;0.0;-5.0;21.0;11.0;7.0;-7.0;5.0;4.0;1.0;6.0;4.0;13.0;8.0;5.0;3.0;-20.0;-4.0;-10.0;-10.0;-5.0;-62.0;-55.0;-32.0;-18.0;-15.0;-3.0;1.0;-2.0;1.0;1.0;-40.0;-22.0;-42.0;41.0;9.0;39.0;23.0;-40.0;1.0;-35.0;-20.0;-8.0;-4.0;-5.0;-20.0;-36.0;-21.0;21.0;-40.0;-5.0;-18.0;-50.0;1;16:45:00;1;LIV;HUL
ARS X SUN 2015-05-20;185 (68%);717 (90%);15;14;25%;75%;1;7;2;5;1;0;43;56;0;0;8;3;1;1;1;0;273;798;;;6;17;3;13;3;8;1;11;7;28;0;1;0;2015-05-20;1.0;3.0;3.0;2.0;42.0;25.0;15.0;10.0;1.0;41.0;13.0;1.0;38.0;23.0;20.0;50.0;32.0;18.0;12.0;8.0;33.0;21.0;5.0;44.0;27.0;47.0;27.0;17.0;9.0;2.0;7.0;34.0;27.0;3.0;56.0;34.0;-30.0;-7.0;6.0;-2.0;;1.0;27.0;16.0;10.0;2.0;-80.0;-68.0;-41.0;-19.0;-11.0;41.0;65.0;69.0;81.0;48.0;-10.0;-40.0;-60.0;-37.0;-4.0;31.0;19.0;15.0;42.0;-28.0;-1.0;-4.0;8.0;6.0;4.0;12.0;14.0;10.0;8.0;37.0;24.0;16.0;-2.0;12.0;14.0;9.0;37.0;24.0;55.0;53.0;68.0;69.0;42.0;6.0;23.0;5.0;0;16:45:00;0;SUN;ARS
SOU X TOT 2015-04-25;497 (82%);243 (75%);17;15;64%;36%;3;2;3;8;1;0;52;44;10;9;2;0;0;1;2;5;603;325;;;4;10;2;7;2;4;3;3;7;13;3;1;2;2015-04-25;6.0;3.0;-3.0;3.0;-3.0;-7.0;-2.0;-3.0;-24.0;-11.0;-18.0;-3.0;-13.0;18.0;7.0;4.0;4.0;82.0;48.0;34.0;20.0;12.0;-3.0;41.0;60.0;50.0;35.0;26.0;18.0;-30.0;-13.0;-8.0;6.0;-3.0;31.0;18.0;8.0;3.0;-77.0;-2.0;-5.0;4.0;-7.0;-5.0;-9.0;-24.0;29.0;11.0;5.0;1.0;24.0;5.0;-7.0;54.0;3.0;-7.0;-17.0;24.0;-12.0;24.0;1.0;-37.0;-29.0;59.0;15.0;-12.0;-7.0;-7.0;-9.0;-91.0;-61.0;-42.0;-31.0;-25.0;-15.0;14.0;1.0;-2.0;-6.0;3.0;1.0;4.0;-2.0;3.0;-7.0;-4.0;4.0;-2.0;-2.0;-6.0;-2.0;135.0;2;09:45:00;0;TOT;SOU
BUR X LEI 2015-04-25;147 (54%);290 (71%);37;54;41%;59%;0;6;4;6;1;0;76;82;16;16;5;3;0;1;2;1;273;406;;;5;11;4;2;4;4;3;1;8;12;0;3;1;2015-04-25;-1.0;-71.0;-41.0;-24.0;-34.0;-25.0;-9.0;-5.0;-3.0;6.0;-5.0;-1.0;6.0;-5.0;-41.0;-29.0;-12.0;-7.0;-9.0;-7.0;6.0;1.0;-5.0;5.0;23.0;74.0;43.0;26.0;55.0;31.0;9.0;5.0;-20.0;-3.0;-7.0;6.0;12.0;4.0;1.0;3.0;5.0;8.0;7.0;-23.0;-38.0;-2.0;23.0;43.0;26.0;24.0;19.0;11.0;6.0;25.0;17.0;12.0;-1.0;39.0;-73.0;-28.0;-14.0;-40.0;44.0;13.0;6.0;2.0;7.0;-1.0;4.0;11.0;10.0;9.0;14.0;16.0;7.0;7.0;7.0;37.0;5.0;45.0;30.0;19.0;53.0;31.0;18.0;42.0;-38.0;-8.0;-43.0;2.0;32.0;-5.0;0;12:00:00;-1;LEI;BUR
CRY X HUL 2015-04-25;317 (79%);261 (74%);26;30;54%;46%;4;1;9;0;2;0;64;67;10;15;3;5;1;0;0;5;401;351;;;10;5;10;3;7;3;11;2;21;7;;;2;2015-04-25;-6.0;-2.0;-2.0;-27.0;-17.0;-16.0;-5.0;-4.0;-2.0;-7.0;-25.0;-4.0;-76.0;-66.0;-35.0;-22.0;-7.0;-1.0;4.0;1.0;29.0;15.0;4.0;8.0;-42.0;-23.0;-17.0;-11.0;-7.0;-2.0;-7.0;4.0;-1.0;-6.0;-2.0;-47.0;-34.0;-11.0;-15.0;-4.0;35.0;-10.0;-9.0;-63.0;-40.0;4.0;-22.0;-15.0;-87.0;-50.0;-28.0;-46.0;-31.0;-42.0;-54.0;-31.0;-1.0;-16.0;-13.0;-5.0;-30.0;31.0;2.0;-20.0;-14.0;-6.0;-5.0;-1.0;-2.0;1.0;1.0;1.0;1.0;1.0;1.0;1.0;31.0;-30.0;-1.0;-5.0;-3.0;6.0;-4.0;1.0;-29.0;-22.0;-49.0;-29.0;-78.0;-1.0;30.0;-75.0;0;12:00:00;-1;HUL;CRY
NEW X SWA 2015-04-25;369 (80%);316 (77%);24;16;52%;48%;2;2;6;9;;;64;62;9;14;2;3;;;3;0;460;410;;;8;9;3;6;6;4;3;3;11;12;2;1;3;2015-04-25;6.0;35.0;16.0;5.0;33.0;-21.0;-33.0;-55.0;-32.0;-22.0;-12.0;9.0;-11.0;69.0;27.0;-67.0;-30.0;-20.0;-24.0;-16.0;-52.0;-33.0;11.0;-27.0;-42.0;-27.0;-9.0;-2.0;14.0;7.0;12.0;7.0;-5.0;12.0;-10.0;-6.0;-33.0;-19.0;61.0;29.0;-95.0;1.0;5.0;8.0;35.0;8.0;21.0;-80.0;-39.0;-18.0;-37.0;-1.0;25.0;20.0;12.0;29.0;10.0;16.0;3.0;2.0;-13.0;-15.0;-11.0;-9.0;-7.0;-1.0;-12.0;-6.0;-14.0;-6.0;-76.0;-43.0;33.0;7.0;-18.0;-5.0;43.0;52.0;-5.0;-38.0;3.0;7.0;33.0;19.0;36.0;48.0;30.0;88.0;54.0;-8.0;10.0;45.0;2;12:00:00;-1;SWA;NEW
QPR X WES 2015-04-25;154 (57%);183 (60%);27;34;47%;53%;1;5;6;6;2;2;60;62;12;14;7;2;1;0;4;3;269;305;;;4;12;5;6;2;7;4;6;8;18;0;1;0;2015-04-25;-21.0;-6.0;-6.0;31.0;11.0;7.0;5.0;4.0;1.0;1.0;-20.0;41.0;-10.0;-25.0;-14.0;-8.0;36.0;-30.0;-4.0;-1.0;1.0;-11.0;-20.0;-3.0;-6.0;32.0;17.0;7.0;5.0;9.0;34.0;16.0;-39.0;6.0;-50.0;-29.0;-18.0;-4.0;1.0;-2.0;0.0;39.0;-32.0;-7.0;-8.0;3.0;-3.0;-58.0;-31.0;-17.0;32.0;43.0;31.0;24.0;20.0;16.0;-20.0;3.0;3.0;-29.0;22.0;8.0;6.0;10.0;9.0;-9.0;-7.0;-11.0;-8.0;19.0;5.0;2.0;19.0;10.0;-7.0;-7.0;-6.0;19.0;-5.0;51.0;59.0;38.0;-27.0;9.0;8.0;47.0;31.0;19.0;6.0;-2.0;-5.0;75.0;0;12:00:00;0;WES;QPR
STO X SUN 2015-04-25;195 (71%);320 (77%);8;29;40%;60%;2;7;8;9;0;1;47;70;15;14;7;4;;;1;2;274;415;;;10;10;8;8;5;8;5;13;15;23;3;2;1;2015-04-25;6.0;61.0;38.0;24.0;21.0;14.0;12.0;29.0;17.0;24.0;24.0;-70.0;48.0;37.0;26.0;19.0;16.0;17.0;-25.0;81.0;47.0;73.0;46.0;65.0;73.0;84.0;52.0;70.0;43.0;26.0;14.0;71.0;42.0;9.0;57.0;41.0;22.0;6.0;-28.0;-18.0;-40.0;8.0;-38.0;23.0;4.0;16.0;10.0;1.0;-95.0;-59.0;-15.0;-3.0;-1.0;-20.0;-11.0;-12.0;14.0;-52.0;-30.0;-30.0;-17.0;-69.0;-6.0;-13.0;-6.0;-17.0;6.0;19.0;-1.0;21.0;12.0;-32.0;-16.0;-16.0;-13.0;-14.0;-8.0;29.0;18.0;29.0;18.0;17.0;-15.0;6.0;-3.0;-29.0;43.0;38.0;24.0;16.0;47.0;-55.0;1;12:00:00;0;SUN;STO
WBA X LIV 2015-04-25;572 (85%);128 (54%);19;17;74%;26%;9;0;4;2;;;51;63;11;12;4;4;1;0;1;1;673;236;;;7;5;9;6;4;4;15;5;22;10;0;1;0;2015-04-25;-11.0;-11.0;-14.0;-14.0;-33.0;-25.0;-20.0;-17.0;-10.0;-5.0;-33.0;-11.0;-25.0;-45.0;-32.0;-25.0;-18.0;-11.0;-10.0;-16.0;-75.0;-50.0;-17.0;-35.0;-26.0;-50.0;-30.0;-27.0;-16.0;-44.0;-23.0;-13.0;-12.0;-16.0;-27.0;-18.0;-11.0;-11.0;-11.0;-7.0;-5.0;-10.0;-12.0;-13.0;-19.0;-15.0;-17.0;-21.0;-13.0;-9.0;24.0;5.0;-7.0;-17.0;-16.0;-23.0;30.0;-22.0;-62.0;-35.0;-54.0;-30.0;46.0;14.0;2.0;-37.0;-30.0;7.0;-27.0;-16.0;-15.0;-12.0;-62.0;-42.0;-26.0;-1.0;-46.0;-29.0;-6.0;34.0;-37.0;-22.0;-15.0;34.0;6.0;5.0;-6.0;-5.0;35.0;-11.0;15.0;-15.0;0;12:00:00;0;LIV;WBA
MCI X ASV 2015-04-25;433 (83%);338 (79%);18;13;56%;44%;3;5;6;7;;;59;41;11;13;1;2;;;6;1;519;428;;;6;6;6;2;4;4;7;5;13;11;2;1;2;2015-04-25;3.0;21.0;72.0;37.0;22.0;14.0;10.0;8.0;36.0;18.0;12.0;9.0;-19.0;-55.0;-33.0;-12.0;-6.0;2.0;4.0;-59.0;-26.0;-14.0;13.0;-6.0;-32.0;-43.0;-29.0;-15.0;-37.0;-23.0;-13.0;-4.0;4.0;86.0;1.0;-2.0;4.0;5.0;-22.0;4.0;5.0;-2.0;3.0;5.0;11.0;54.0;7.0;20.0;18.0;11.0;7.0;-29.0;-9.0;-10.0;-25.0;-14.0;55.0;-5.0;-2.0;2.0;27.0;17.0;21.0;88.0;48.0;27.0;-79.0;70.0;-35.0;-20.0;-9.0;-3.0;5.0;-3.0;2.0;2.0;-3.0;-4.0;64.0;-5.0;-41.0;-2.0;2.0;7.0;1.0;-93.0;-52.0;-34.0;22.0;34.0;77.0;-5.0;3;14:30:00;1;ASV;MCI
EVE X MUN 2015-04-26;497 (86%);214 (70%);9;7;66%;34%;10;1;7;7;1;3;38;50;10;6;4;4;;;2;1;576;307;;;7;4;3;1;4;7;10;5;17;9;2;0;0;2015-04-26;1.0;-9.0;-10.0;6.0;37.0;3.0;-5.0;-5.0;-47.0;-15.0;-16.0;1.0;-53.0;-35.0;-22.0;-15.0;-4.0;-1.0;-16.0;-9.0;40.0;-31.0;-8.0;-12.0;-6.0;-4.0;-6.0;40.0;42.0;99.0;58.0;34.0;11.0;-6.0;4.0;-8.0;-5.0;20.0;-19.0;27.0;0.0;-4.0;-65.0;-42.0;-28.0;-27.0;-20.0;-19.0;-10.0;-9.0;-8.0;-8.0;-7.0;-7.0;-7.0;-2.0;71.0;-4.0;-5.0;-6.0;-2.0;37.0;27.0;38.0;19.0;8.0;-4.0;-35.0;-44.0;-31.0;-51.0;-33.0;-23.0;72.0;33.0;13.0;-9.0;-4.0;-4.0;-24.0;-11.0;-28.0;-13.0;-5.0;43.0;46.0;37.0;24.0;17.0;-11.0;3.0;0.0;3;10:30:00;1;MUN;EVE
ARS X CHE 2015-04-26;335 (75%);491 (86%);24;26;43%;57%;2;4;2;6;;;68;64;11;17;1;2;;;;;447;568;;;4;9;2;6;3;1;3;2;7;11;3;4;0;2015-04-26;1.0;14.0;5.0;3.0;3.0;23.0;15.0;-39.0;-15.0;-57.0;-34.0;-4.0;-18.0;-6.0;-2.0;9.0;7.0;5.0;10.0;37.0;18.0;12.0;6.0;4.0;3.0;2.0;2.0;-4.0;-3.0;7.0;4.0;-36.0;-9.0;-4.0;55.0;33.0;24.0;27.0;20.0;45.0;-10.0;26.0;15.0;14.0;13.0;41.0;29.0;13.0;3.0;-5.0;-7.0;-10.0;-40.0;-33.0;-13.0;-2.0;24.0;1.0;3.0;3.0;-5.0;-1.0;21.0;-45.0;-18.0;31.0;42.0;30.0;-30.0;1.0;10.0;-25.0;-33.0;-17.0;31.0;12.0;9.0;8.0;18.0;6.0;-4.0;37.0;36.0;22.0;9.0;7.0;-4.0;-1.0;-9.0;18.0;2.0;-20.0;0;13:00:00;0;CHE;ARS
LEI X NEW 2015-05-02;256 (75%);212 (70%);14;38;53%;47%;2;4;7;10;;;52;89;13;10;4;3;;;1;3;341;301;2;0;5;16;7;8;3;7;7;3;12;19;6;1;0;2015-05-02;96.0;-5.0;42.0;21.0;11.0;-19.0;-6.0;32.0;90.0;60.0;38.0;57.0;43.0;44.0;22.0;-26.0;-8.0;-6.0;-6.0;-4.0;10.0;-26.0;35.0;-37.0;-22.0;-18.0;-12.0;-5.0;-27.0;-81.0;-58.0;-40.0;-34.0;21.0;45.0;14.0;-36.0;-25.0;-19.0;-20.0;0.0;-1.0;15.0;78.0;40.0;18.0;-46.0;-16.0;-4.0;36.0;-60.0;-5.0;76.0;63.0;41.0;74.0;-29.0;74.0;64.0;57.0;44.0;29.0;20.0;11.0;5.0;3.0;27.0;42.0;26.0;16.0;5.0;-40.0;-22.0;36.0;8.0;-5.0;-5.0;6.0;-34.0;5.0;9.0;6.0;4.0;3.0;1.0;6.0;4.0;18.0;-65.0;-9.0;-26.0;80.0;3;09:45:00;1;NEW;LEI
ASV X EVE 2015-05-02;324 (76%);351 (80%);6;19;50%;50%;3;3;3;5;2;0;38;54;12;13;1;3;1;0;3;0;429;441;;;6;7;1;4;5;4;3;4;9;11;1;2;2;2015-05-02;21.0;1.0;1.0;1.0;1.0;1.0;1.0;1.0;1.0;1.0;1.0;87.0;1.0;1.0;1.0;1.0;-5.0;-2.0;-2.0;-2.0;-2.0;44.0;52.0;24.0;18.0;5.0;2.0;-3.0;-2.0;-7.0;-5.0;-4.0;-3.0;31.0;-7.0;-5.0;-4.0;-3.0;4.0;20.0;70.0;4.0;-32.0;-38.0;-73.0;18.0;-10.0;44.0;27.0;26.0;27.0;17.0;10.0;9.0;8.0;7.0;9.0;-67.0;-39.0;-20.0;-48.0;-26.0;79.0;38.0;26.0;22.0;42.0;1.0;-41.0;-17.0;-16.0;10.0;-7.0;-2.0;-1.0;-10.0;-7.0;-44.0;1.0;-27.0;-16.0;-14.0;-8.0;-1.0;-10.0;-6.0;6.0;6.0;3.0;1.0;-5.0;-105.0;3;12:00:00;1;EVE;ASV
LIV X QPR 2015-05-02;175 (62%);371 (78%);22;16;38%;62%;1;7;6;9;0;1;58;63;18;9;6;1;;;3;3;284;475;1;0;3;11;7;10;2;8;7;14;10;25;5;2;1;2015-05-02;-14.0;-73.0;-90.0;-45.0;34.0;13.0;15.0;56.0;35.0;12.0;4.0;-6.0;80.0;68.0;43.0;29.0;50.0;27.0;-27.0;29.0;15.0;9.0;-2.0;3.0;12.0;3.0;10.0;14.0;-27.0;-8.0;-1.0;4.0;3.0;7.0;52.0;49.0;32.0;32.0;22.0;9.0;-5.0;13.0;13.0;58.0;5.0;9.0;33.0;20.0;7.0;6.0;56.0;32.0;19.0;17.0;10.0;3.0;8.0;-5.0;1.0;1.0;6.0;4.0;48.0;34.0;-40.0;-15.0;86.0;1.0;22.0;13.0;-23.0;-99.0;-58.0;-41.0;-22.0;13.0;29.0;24.0;-2.0;72.0;39.0;45.0;27.0;17.0;38.0;25.0;90.0;95.0;59.0;-27.0;8.0;20.0;2;12:00:00;1;QPR;LIV
SUN X SOU 2015-05-02;371 (77%);278 (74%);12;14;57%;43%;3;2;1;1;0;1;57;55;13;12;4;1;;;3;3;481;374;1;0;6;9;6;4;2;6;5;3;11;12;2;2;1;2015-05-02;-2.0;-31.0;-18.0;-12.0;-14.0;-11.0;-2.0;-2.0;-2.0;-1.0;-1.0;-2.0;-1.0;75.0;42.0;-76.0;-25.0;-21.0;30.0;-31.0;-9.0;-6.0;-8.0;-4.0;-5.0;-12.0;-9.0;-2.0;-8.0;-11.0;-12.0;-9.0;29.0;-6.0;11.0;10.0;-7.0;-32.0;-17.0;-2.0;45.0;6.0;2.0;1.0;1.0;4.0;6.0;-30.0;-15.0;31.0;12.0;97.0;60.0;46.0;25.0;20.0;44.0;-12.0;-10.0;-4.0;9.0;1.0;-2.0;-7.0;-6.0;-6.0;-5.0;29.0;-9.0;-7.0;-6.0;-5.0;-9.0;-7.0;-11.0;-7.0;4.0;-2.0;16.0;-41.0;-30.0;-19.0;-12.0;-13.0;-11.0;-7.0;-5.0;39.0;20.0;-52.0;-47.0;-20.0;2;12:00:00;1;SOU;SUN
SWA X STO 2015-05-02;368 (78%);321 (78%);26;18;53%;47%;2;6;2;6;;;63;56;18;9;2;3;0;1;0;1;472;413;1;0;3;10;4;7;3;4;6;7;9;17;4;1;0;2015-05-02;1.0;-2.0;1.0;1.0;6.0;4.0;33.0;20.0;17.0;5.0;-25.0;1.0;-20.0;-17.0;-15.0;-8.0;-3.0;-1.0;-1.0;5.0;2.0;1.0;20.0;5.0;-6.0;-1.0;5.0;2.0;6.0;3.0;42.0;29.0;17.0;17.0;10.0;-38.0;-28.0;-24.0;-21.0;6.0;-65.0;3.0;2.0;-5.0;6.0;10.0;52.0;31.0;49.0;30.0;17.0;12.0;7.0;2.0;7.0;15.0;-10.0;30.0;39.0;24.0;25.0;45.0;28.0;48.0;31.0;15.0;10.0;-1.0;14.0;9.0;13.0;-12.0;4.0;4.0;76.0;43.0;20.0;-32.0;-7.0;-12.0;-54.0;-33.0;-15.0;-8.0;19.0;70.0;60.0;34.0;-47.0;-4.0;-17.0;85.0;2;12:00:00;1;STO;SWA
WES X BUR 2015-05-02;216 (70%);362 (80%);19;18;40%;60%;2;14;3;13;;;43;32;7;11;5;2;;;2;2;307;454;1;0;6;17;5;8;2;7;3;12;9;29;2;3;0;2015-05-02;-1.0;3.0;3.0;62.0;37.0;-29.0;-2.0;-5.0;-16.0;-39.0;-21.0;9.0;-12.0;-6.0;-8.0;-2.0;16.0;83.0;49.0;93.0;58.0;77.0;8.0;58.0;38.0;21.0;-57.0;-26.0;-8.0;-7.0;-1.0;6.0;7.0;9.0;11.0;5.0;1.0;3.0;-12.0;-27.0;30.0;-11.0;34.0;19.0;35.0;9.0;87.0;25.0;16.0;12.0;14.0;7.0;15.0;42.0;-37.0;44.0;6.0;29.0;10.0;35.0;25.0;13.0;9.0;-19.0;-7.0;42.0;23.0;9.0;15.0;62.0;38.0;41.0;26.0;17.0;8.0;6.0;-19.0;-7.0;11.0;-3.0;-6.0;-33.0;31.0;7.0;10.0;26.0;78.0;75.0;45.0;12.0;21.0;60.0;1;12:00:00;1;BUR;WES
MUN X WBA 2015-05-02;100 (54%);647 (90%);12;18;21%;79%;1;12;3;9;;;39;47;11;10;9;2;;;0;3;185;720;;;3;13;2;5;3;9;3;13;6;26;0;1;1;2015-05-02;2.0;9.0;6.0;-38.0;-18.0;32.0;-53.0;-22.0;102.0;56.0;23.0;-3.0;24.0;19.0;4.0;7.0;9.0;5.0;7.0;9.0;-45.0;-13.0;-29.0;-3.0;6.0;26.0;38.0;27.0;20.0;17.0;8.0;3.0;11.0;-20.0;11.0;11.0;14.0;25.0;17.0;8.0;90.0;-9.0;-15.0;-2.0;47.0;-10.0;28.0;24.0;22.0;24.0;-24.0;47.0;30.0;24.0;20.0;40.0;7.0;57.0;40.0;19.0;17.0;-69.0;-27.0;-5.0;7.0;17.0;21.0;7.0;48.0;39.0;49.0;34.0;31.0;62.0;92.0;59.0;35.0;31.0;8.0;16.0;11.0;12.0;13.0;18.0;12.0;73.0;54.0;37.0;27.0;12.0;46.0;55.0;0;14:30:00;-1;WBA;MUN
CHE X CRY 2015-05-03;222 (69%);466 (84%);17;31;39%;61%;3;2;6;3;;;69;82;13;12;6;1;;;2;1;322;556;;;5;9;4;8;1;7;3;8;8;17;2;2;0;2015-05-03;3.0;-4.0;-24.0;-11.0;-7.0;-2.0;27.0;58.0;66.0;41.0;21.0;4.0;12.0;6.0;-4.0;12.0;68.0;42.0;32.0;56.0;24.0;6.0;5.0;5.0;5.0;3.0;15.0;12.0;55.0;30.0;50.0;32.0;-33.0;11.0;-13.0;-4.0;-2.0;3.0;6.0;78.0;10.0;49.0;27.0;19.0;14.0;9.0;6.0;7.0;8.0;9.0;9.0;9.0;39.0;27.0;14.0;52.0;8.0;65.0;40.0;32.0;28.0;37.0;24.0;13.0;6.0;6.0;-32.0;2.0;-15.0;-6.0;3.0;3.0;6.0;6.0;1.0;8.0;8.0;12.0;-17.0;40.0;57.0;-57.0;33.0;-22.0;-11.0;-11.0;3.0;-4.0;-22.0;-11.0;-30.0;-25.0;1;10:30:00;1;CRY;CHE
TOT X MCI 2015-05-03;296 (74%);383 (78%);13;15;45%;55%;5;5;7;8;2;0;48;58;11;6;5;3;;;1;2;399;488;;;10;13;6;11;4;5;5;8;15;21;4;3;1;2015-05-03;1.0;1.0;-20.0;-41.0;-24.0;-69.0;-11.0;-5.0;1.0;6.0;6.0;21.0;-5.0;6.0;-2.0;4.0;34.0;24.0;11.0;10.0;28.0;-72.0;48.0;-31.0;54.0;18.0;-42.0;-11.0;-38.0;-23.0;-10.0;4.0;4.0;59.0;-40.0;51.0;17.0;-35.0;61.0;51.0;-10.0;30.0;18.0;20.0;12.0;36.0;5.0;4.0;-19.0;32.0;14.0;9.0;-19.0;-4.0;-3.0;2.0;21.0;2.0;43.0;17.0;11.0;3.0;3.0;2.0;-9.0;7.0;-19.0;11.0;-3.0;-40.0;-47.0;-26.0;-3.0;2.0;3.0;-4.0;1.0;-4.0;4.0;-40.0;-18.0;17.0;34.0;61.0;5.0;4.0;2.0;2.0;-1.0;1.0;2.0;70.0;0;13:00:00;-1;MCI;TOT
HUL X ARS 2015-05-04;605 (88%);228 (72%);18;22;68%;32%;7;1;5;0;2;0;58;51;11;8;0;6;;;1;4;685;315;;;16;5;6;6;9;1;6;3;22;8;0;2;3;2015-05-04;-1.0;-17.0;-15.0;-15.0;-54.0;-67.0;-55.0;-38.0;-28.0;-14.0;-6.0;-35.0;25.0;38.0;18.0;1.0;-10.0;-11.0;-12.0;-11.0;-15.0;-83.0;-27.0;-63.0;-41.0;-24.0;-18.0;-84.0;-48.0;-33.0;-64.0;-62.0;31.0;-17.0;-4.0;-6.0;-5.0;-11.0;-54.0;-77.0;-75.0;25.0;9.0;-11.0;-3.0;-21.0;-12.0;-9.0;-10.0;-10.0;-6.0;-8.0;-39.0;71.0;23.0;14.0;-18.0;34.0;-45.0;-23.0;-38.0;-27.0;-53.0;-33.0;-24.0;-17.0;-14.0;-9.0;-15.0;-13.0;-12.0;-32.0;-22.0;-57.0;-37.0;-26.0;-17.0;-14.0;-10.0;-9.0;-9.0;-29.0;-21.0;-56.0;-100.0;-86.0;-53.0;-40.0;-40.0;-12.0;-14.0;-55.0;1;17:00:00;-1;ARS;HUL
EVE X SUN 2015-05-09;146 (63%);511 (86%);13;8;27%;73%;3;9;1;15;0;1;56;47;0;0;4;1;0;1;1;2;230;595;;;6;16;4;9;3;4;4;6;10;22;3;2;2;2015-05-09;7.0;21.0;20.0;35.0;27.0;48.0;32.0;17.0;6.0;1.0;14.0;5.0;10.0;9.0;8.0;3.0;3.0;4.0;5.0;-3.0;-3.0;-28.0;4.0;-14.0;-5.0;23.0;44.0;31.0;16.0;17.0;11.0;7.0;51.0;4.0;33.0;17.0;52.0;39.0;42.0;-44.0;0.0;-23.0;-12.0;22.0;100.0;4.0;90.0;55.0;54.0;32.0;-74.0;47.0;6.0;-4.0;-28.0;-17.0;5.0;-4.0;5.0;40.0;70.0;46.0;81.0;77.0;47.0;8.0;39.0;6.0;43.0;27.0;20.0;67.0;41.0;27.0;55.0;41.0;24.0;23.0;37.0;17.0;11.0;10.0;45.0;30.0;21.0;-71.0;-30.0;-26.0;-17.0;30.0;-2.0;30.0;0;09:45:00;-1;SUN;EVE
ASV X WES 2015-05-09;251 (75%);385 (81%);15;14;42%;58%;1;2;6;2;0;1;42;39;0;0;4;1;;;3;1;336;475;;;3;7;4;7;1;5;3;7;6;14;1;1;0;2015-05-09;5.0;25.0;21.0;11.0;49.0;32.0;26.0;48.0;31.0;23.0;16.0;6.0;11.0;2.0;3.0;4.0;-3.0;-10.0;-11.0;35.0;10.0;1.0;3.0;-6.0;80.0;47.0;32.0;24.0;18.0;-21.0;-10.0;-17.0;-6.0;6.0;45.0;63.0;55.0;41.0;62.0;13.0;-10.0;7.0;9.0;5.0;3.0;12.0;-31.0;-12.0;-27.0;-16.0;30.0;14.0;7.0;1.0;-1.0;-21.0;41.0;-13.0;-57.0;-36.0;-23.0;-14.0;-1.0;-3.0;-8.0;27.0;20.0;28.0;17.0;11.0;18.0;10.0;6.0;4.0;3.0;2.0;2.0;-4.0;46.0;-5.0;-7.0;-3.0;2.0;2.0;31.0;20.0;13.0;3.0;3.0;36.0;2.0;45.0;1;12:00:00;1;WES;ASV
HUL X BUR 2015-05-09;270 (71%);331 (75%);33;25;46%;54%;1;11;3;9;;;67;57;0;0;3;1;0;2;;;379;440;;;7;9;5;7;2;3;1;12;8;21;1;1;1;2015-05-09;-21.0;7.0;26.0;16.0;41.0;25.0;16.0;24.0;-34.0;-12.0;-6.0;-12.0;22.0;5.0;12.0;13.0;39.0;21.0;7.0;-6.0;-1.0;-23.0;-3.0;-44.0;-26.0;50.0;-41.0;-10.0;-4.0;5.0;50.0;30.0;37.0;-7.0;21.0;17.0;6.0;-6.0;-32.0;-1.0;0.0;-1.0;-27.0;48.0;21.0;-5.0;10.0;3.0;6.0;3.0;4.0;5.0;46.0;29.0;20.0;14.0;-7.0;11.0;6.0;-19.0;-82.0;-47.0;-37.0;-25.0;-12.0;7.0;39.0;5.0;55.0;29.0;24.0;20.0;90.0;48.0;30.0;19.0;17.0;15.0;2.0;-29.0;-9.0;-9.0;-4.0;6.0;-4.0;21.0;28.0;17.0;11.0;2.0;7.0;10.0;0;12:00:00;-1;BUR;HUL
LEI X SOU 2015-05-09;462 (79%);148 (58%);23;21;70%;30%;4;1;8;4;;;66;60;0;0;1;3;;;1;0;585;255;;;4;9;3;6;3;3;6;1;10;10;0;1;0;2015-05-09;6.0;15.0;8.0;-1.0;-1.0;-1.0;-5.0;-3.0;-2.0;-1.0;-1.0;22.0;75.0;4.0;2.0;-6.0;-2.0;-37.0;-19.0;-11.0;-6.0;-8.0;43.0;-11.0;-11.0;-11.0;-10.0;-15.0;36.0;7.0;-5.0;-5.0;1.0;25.0;-7.0;16.0;33.0;15.0;10.0;-5.0;-40.0;-6.0;-2.0;-4.0;-36.0;-41.0;-24.0;-17.0;-33.0;-28.0;-17.0;-8.0;-8.0;-11.0;27.0;14.0;-15.0;5.0;9.0;8.0;39.0;20.0;8.0;-9.0;-11.0;-13.0;-17.0;75.0;-9.0;-49.0;-52.0;-10.0;31.0;10.0;5.0;-5.0;-5.0;-9.0;35.0;-14.0;-22.0;-17.0;-14.0;-12.0;-5.0;-6.0;46.0;26.0;6.0;21.0;-5.0;-70.0;2;12:00:00;1;SOU;LEI
NEW X WBA 2015-05-09;213 (73%);357 (81%);26;13;40%;60%;2;3;2;7;1;0;71;73;0;0;3;2;2;0;2;0;292;440;;;8;8;3;7;3;5;0;7;8;15;3;2;1;2015-05-09;-4.0;5.0;40.0;27.0;18.0;12.0;8.0;3.0;3.0;8.0;11.0;-11.0;7.0;10.0;39.0;31.0;21.0;15.0;19.0;19.0;11.0;21.0;-10.0;18.0;40.0;-30.0;-38.0;31.0;13.0;11.0;19.0;-15.0;46.0;32.0;35.0;30.0;97.0;59.0;37.0;25.0;20.0;-2.0;4.0;-22.0;-7.0;6.0;9.0;6.0;12.0;17.0;14.0;6.0;12.0;4.0;9.0;7.0;-4.0;7.0;6.0;6.0;5.0;25.0;37.0;24.0;17.0;32.0;20.0;5.0;7.0;2.0;3.0;-43.0;-27.0;-18.0;-48.0;-26.0;27.0;4.0;-16.0;13.0;17.0;22.0;13.0;10.0;-38.0;-7.0;53.0;29.0;14.0;-9.0;13.0;60.0;1;12:00:00;0;WBA;NEW
STO X TOT 2015-05-09;343 (80%);262 (78%);13;10;55%;45%;3;4;8;6;;;44;40;0;0;6;4;;;1;5;431;337;1;0;4;11;3;4;3;8;5;6;9;16;2;0;0;2015-05-09;-5.0;9.0;3.0;-3.0;-2.0;-23.0;-21.0;-10.0;17.0;42.0;23.0;-1.0;-19.0;-11.0;75.0;35.0;15.0;-46.0;-16.0;-10.0;-12.0;-7.0;2.0;40.0;21.0;11.0;81.0;7.0;5.0;7.0;8.0;-1.0;1.0;41.0;1.0;2.0;42.0;21.0;14.0;2.0;-50.0;7.0;5.0;-64.0;-29.0;100.0;-16.0;-3.0;42.0;34.0;46.0;33.0;20.0;15.0;10.0;5.0;77.0;64.0;39.0;-49.0;-14.0;-12.0;-90.0;-57.0;-33.0;-13.0;-5.0;52.0;4.0;9.0;7.0;5.0;-19.0;37.0;17.0;7.0;5.0;11.0;32.0;65.0;35.0;-29.0;-2.0;-5.0;-25.0;-8.0;77.0;15.0;11.0;17.0;31.0;0.0;3;12:00:00;1;TOT;STO
CRY X MUN 2015-05-09;396 (83%);181 (68%);20;21;63%;37%;5;3;6;7;1;0;63;51;0;0;3;2;1;0;1;4;477;267;;;11;11;4;6;4;4;2;2;13;13;1;0;2;2015-05-09;-3.0;-59.0;-37.0;-25.0;-12.0;-33.0;-64.0;-46.0;-30.0;-26.0;-16.0;-4.0;-84.0;-52.0;-63.0;-40.0;-71.0;-79.0;47.0;9.0;2.0;2.0;-5.0;6.0;-3.0;-5.0;-5.0;-1.0;2.0;-3.0;-4.0;-5.0;-6.0;-6.0;-6.0;-6.0;-4.0;-2.0;-6.0;20.0;-25.0;-21.0;5.0;5.0;21.0;-26.0;16.0;10.0;10.0;5.0;1.0;4.0;12.0;81.0;48.0;8.0;-23.0;4.0;3.0;7.0;-4.0;7.0;6.0;5.0;4.0;4.0;3.0;-16.0;-4.0;2.0;22.0;9.0;-19.0;-5.0;27.0;8.0;-74.0;-37.0;-12.0;-20.0;-12.0;27.0;23.0;15.0;10.0;27.0;16.0;8.0;8.0;-30.0;-1.0;-20.0;1;14:30:00;-1;MUN;CRY
MCI X QPR 2015-05-10;240 (72%);392 (80%);18;20;41%;59%;1;3;4;7;0;3;55;52;0;0;5;3;1;1;5;1;333;492;;;4;18;5;9;3;11;5;5;9;23;1;0;0;2015-05-10;-2.0;-5.0;-5.0;-5.0;-4.0;24.0;16.0;13.0;41.0;23.0;-17.0;3.0;4.0;-7.0;-2.0;4.0;10.0;29.0;21.0;6.0;6.0;6.0;-2.0;-2.0;8.0;9.0;83.0;52.0;35.0;23.0;77.0;43.0;-37.0;18.0;-8.0;5.0;5.0;-1.0;36.0;26.0;-10.0;10.0;5.0;7.0;-16.0;83.0;80.0;47.0;32.0;18.0;16.0;13.0;40.0;26.0;-38.0;-10.0;52.0;-4.0;43.0;54.0;38.0;25.0;92.0;59.0;40.0;21.0;55.0;29.0;100.0;76.0;42.0;28.0;16.0;-28.0;43.0;19.0;14.0;41.0;10.0;29.0;17.0;13.0;11.0;7.0;-17.0;-24.0;-11.0;-3.0;4.0;2.0;4.0;95.0;6;10:30:00;1;QPR;MCI
CHE X LIV 2015-05-10;402 (86%);342 (79%);10;9;53%;47%;3;4;4;6;1;0;57;55;0;0;2;3;;;3;1;468;433;;;9;7;8;1;4;3;6;1;15;8;3;4;1;2015-05-10;1.0;-21.0;-18.0;-10.0;-5.0;-41.0;-27.0;-46.0;-27.0;-15.0;-1.0;-5.0;6.0;10.0;7.0;5.0;4.0;8.0;16.0;10.0;47.0;29.0;-2.0;13.0;8.0;46.0;25.0;16.0;11.0;8.0;3.0;13.0;4.0;-5.0;-4.0;-4.0;-1.0;22.0;3.0;-74.0;0.0;-42.0;-28.0;-45.0;-55.0;21.0;-31.0;-19.0;-12.0;-1.0;-7.0;-3.0;4.0;20.0;5.0;-7.0;85.0;-42.0;-76.0;-47.0;-29.0;-22.0;-56.0;-30.0;-19.0;-12.0;-2.0;51.0;-2.0;-2.0;1.0;1.0;40.0;29.0;18.0;11.0;26.0;13.0;31.0;7.0;-20.0;-18.0;-22.0;-7.0;-4.0;1.0;-5.0;-6.0;-43.0;-20.0;-55.0;5.0;1;13:00:00;0;LIV;CHE
ARS X SWA 2015-05-11;286 (80%);691 (91%);6;11;33%;67%;3;8;1;6;;;51;47;0;0;9;2;;;1;1;359;762;;;2;14;2;6;3;9;6;9;8;23;1;0;1;2015-05-11;2.0;-11.0;-3.0;4.0;9.0;9.0;13.0;11.0;10.0;9.0;-57.0;1.0;-27.0;-12.0;9.0;4.0;5.0;6.0;12.0;10.0;4.0;6.0;7.0;7.0;12.0;5.0;7.0;22.0;18.0;19.0;16.0;24.0;22.0;35.0;17.0;14.0;43.0;29.0;21.0;-1.0;-30.0;5.0;12.0;12.0;12.0;27.0;-20.0;-2.0;21.0;-10.0;6.0;4.0;-5.0;-2.0;1.0;41.0;17.0;23.0;44.0;26.0;16.0;46.0;27.0;14.0;8.0;10.0;53.0;13.0;36.0;47.0;93.0;65.0;40.0;88.0;61.0;76.0;89.0;100.0;-67.0;90.0;93.0;57.0;55.0;31.0;18.0;-70.0;-27.0;46.0;25.0;-33.0;6.0;40.0;0;17:00:00;-1;SWA;ARS
SOU X ASV 2015-05-16;466 (85%);222 (75%);15;14;65%;35%;1;3;3;6;;;50;37;0;0;5;3;;;1;3;547;295;;;6;16;4;4;4;11;3;2;9;18;1;1;1;2015-05-16;1.0;16.0;13.0;2.0;79.0;47.0;100.0;100.0;87.0;89.0;56.0;-10.0;-37.0;-13.0;14.0;4.0;-2.0;5.0;81.0;45.0;30.0;16.0;6.0;12.0;4.0;11.0;9.0;4.0;-2.0;4.0;-27.0;79.0;40.0;6.0;22.0;16.0;-37.0;-17.0;-2.0;4.0;-15.0;10.0;-6.0;4.0;21.0;3.0;61.0;35.0;20.0;11.0;4.0;-1.0;-6.0;-9.0;-36.0;45.0;2.0;62.0;66.0;39.0;4.0;-6.0;-8.0;-12.0;-33.0;-19.0;-21.0;-15.0;-13.0;-8.0;-10.0;-13.0;58.0;27.0;44.0;29.0;10.0;-3.0;-7.0;-3.0;78.0;41.0;23.0;6.0;1.0;-6.0;-11.0;18.0;4.0;41.0;-73.0;-45.0;6;09:45:00;1;ASV;SOU
BUR X STO 2015-05-16;331 (74%);250 (68%);28;16;55%;45%;3;6;6;7;1;0;68;48;0;0;4;3;;;3;1;445;368;;;5;8;5;1;3;4;6;3;11;11;2;1;0;2015-05-16;1.0;-6.0;-13.0;-1.0;1.0;1.0;5.0;4.0;2.0;21.0;73.0;40.0;43.0;25.0;15.0;12.0;43.0;35.0;21.0;7.0;-10.0;-6.0;24.0;-9.0;-45.0;-31.0;-23.0;-13.0;-7.0;-6.0;-3.0;6.0;-3.0;15.0;-2.0;-33.0;-51.0;-43.0;-27.0;-23.0;5.0;-20.0;-24.0;-16.0;-11.0;29.0;8.0;-3.0;-3.0;-2.0;38.0;13.0;10.0;-68.0;-33.0;-25.0;17.0;-17.0;18.0;11.0;9.0;22.0;16.0;5.0;-3.0;-3.0;-25.0;-20.0;-17.0;-13.0;-10.0;-8.0;-5.0;-5.0;3.0;-32.0;-22.0;-15.0;-6.0;-16.0;-12.0;-7.0;-7.0;-6.0;-10.0;-8.0;-6.0;-4.0;-8.0;-8.0;-35.0;0.0;0;12:00:00;0;STO;BUR
QPR X NEW 2015-05-16;219 (65%);194 (62%);26;23;53%;47%;9;1;12;3;;;91;71;0;0;2;6;;;1;1;338;315;;;14;4;5;3;8;4;8;4;22;8;0;2;1;2015-05-16;-5.0;-3.0;-6.0;-1.0;1.0;39.0;21.0;6.0;7.0;7.0;-2.0;-2.0;-42.0;-25.0;-37.0;-33.0;-21.0;-81.0;-54.0;-67.0;-40.0;-25.0;1.0;-16.0;-9.0;-2.0;-1.0;1.0;1.0;5.0;3.0;2.0;1.0;-4.0;-20.0;-6.0;6.0;6.0;-25.0;1.0;-130.0;1.0;20.0;7.0;-13.0;-2.0;-17.0;-13.0;-12.0;23.0;7.0;77.0;43.0;-33.0;-8.0;-12.0;1.0;38.0;11.0;81.0;-93.0;-28.0;-19.0;-10.0;-11.0;5.0;4.0;-24.0;-40.0;31.0;-40.0;-20.0;-11.0;6.0;1.0;2.0;7.0;4.0;-14.0;22.0;24.0;-70.0;-52.0;-40.0;-30.0;21.0;6.0;-21.0;-28.0;-7.0;-17.0;-100.0;2;12:00:00;1;NEW;QPR
SUN X LEI 2015-05-16;172 (59%);190 (63%);21;34;50%;50%;7;5;9;8;1;2;64;77;0;0;3;0;;;0;2;290;304;;;6;5;4;5;0;3;5;8;11;13;1;4;0;2015-05-16;1.0;30.0;78.0;44.0;27.0;12.0;-15.0;-8.0;-9.0;-4.0;-1.0;-5.0;31.0;19.0;17.0;11.0;7.0;83.0;45.0;-35.0;-4.0;-7.0;-1.0;-5.0;-2.0;31.0;18.0;-35.0;-13.0;-12.0;-29.0;-12.0;-4.0;1.0;-2.0;1.0;-25.0;-19.0;-21.0;-5.0;-25.0;-2.0;2.0;-69.0;-39.0;6.0;-32.0;-12.0;-6.0;2.0;2.0;3.0;22.0;14.0;9.0;6.0;8.0;10.0;-4.0;31.0;19.0;22.0;9.0;-9.0;-2.0;7.0;7.0;46.0;6.0;5.0;43.0;86.0;56.0;34.0;41.0;22.0;-20.0;-15.0;27.0;-38.0;-23.0;-13.0;6.0;6.0;41.0;45.0;27.0;16.0;-45.0;17.0;1.0;-30.0;0;12:00:00;0;LEI;SUN
TOT X HUL 2015-05-16;314 (78%);429 (82%);18;16;45%;55%;3;4;8;6;;;50;47;0;0;1;1;1;0;5;0;401;524;;;12;6;9;3;2;3;2;4;14;10;1;3;0;2015-05-16;1.0;29.0;12.0;7.0;53.0;33.0;19.0;11.0;-31.0;-17.0;-56.0;-6.0;-22.0;36.0;26.0;16.0;14.0;8.0;3.0;2.0;7.0;-30.0;5.0;-8.0;-4.0;-1.0;1.0;7.0;5.0;4.0;3.0;27.0;17.0;-6.0;11.0;7.0;-10.0;-3.0;-6.0;-5.0;0.0;-1.0;3.0;-48.0;-25.0;-2.0;-37.0;-40.0;-31.0;-18.0;-8.0;73.0;64.0;51.0;62.0;34.0;-1.0;12.0;-18.0;78.0;61.0;42.0;31.0;-20.0;6.0;6.0;3.0;-1.0;7.0;-20.0;-32.0;-13.0;-42.0;-19.0;-54.0;-24.0;16.0;13.0;-1.0;13.0;12.0;7.0;9.0;10.0;11.0;32.0;65.0;39.0;8.0;50.0;10.0;5.0;2;12:00:00;1;HUL;TOT
WES X EVE 2015-05-16;356 (80%);288 (79%);17;14;55%;45%;6;5;8;7;2;1;55;46;0;0;2;3;;;2;2;446;364;;;12;6;10;5;5;3;9;7;21;13;4;1;2;2015-05-16;1.0;-15.0;-9.0;79.0;64.0;67.0;34.0;19.0;-7.0;44.0;21.0;-2.0;12.0;6.0;3.0;-2.0;-2.0;-2.0;-6.0;-4.0;30.0;15.0;4.0;-31.0;-17.0;-11.0;10.0;-6.0;5.0;2.0;-6.0;-3.0;-7.0;-2.0;-5.0;-3.0;35.0;33.0;25.0;10.0;0.0;-5.0;30.0;18.0;-30.0;-92.0;-16.0;-9.0;-37.0;-22.0;-31.0;-17.0;-10.0;-3.0;-2.0;10.0;-59.0;6.0;3.0;22.0;88.0;51.0;30.0;13.0;6.0;-76.0;-75.0;-46.0;-44.0;-26.0;-15.0;-3.0;-10.0;-5.0;-4.0;-3.0;-37.0;-52.0;-49.0;-32.0;30.0;10.0;8.0;11.0;35.0;18.0;-46.0;-1.0;-42.0;-35.0;-47.0;-115.0;1;12:00:00;-1;EVE;WES
LIV X CRY 2015-05-16;211 (73%);502 (86%);15;15;34%;66%;3;5;5;4;0;2;60;66;0;0;2;3;1;0;3;1;291;586;;;11;7;6;10;6;3;4;11;15;18;3;2;3;2015-05-16;1.0;16.0;17.0;11.0;14.0;12.0;45.0;30.0;21.0;16.0;13.0;30.0;28.0;20.0;11.0;10.0;-17.0;-8.0;-1.0;79.0;20.0;17.0;26.0;14.0;3.0;6.0;-45.0;-29.0;-72.0;-42.0;-35.0;-22.0;-17.0;23.0;-11.0;-11.0;8.0;-3.0;-68.0;-37.0;0.0;8.0;16.0;-23.0;38.0;41.0;15.0;6.0;-28.0;33.0;11.0;4.0;10.0;41.0;54.0;30.0;32.0;-73.0;-30.0;-42.0;-20.0;43.0;26.0;-38.0;-3.0;3.0;33.0;34.0;20.0;17.0;-18.0;-1.0;23.0;18.0;13.0;17.0;47.0;34.0;33.0;27.0;48.0;31.0;8.0;12.0;14.0;14.0;6.0;12.0;4.0;26.0;5.0;-50.0;1;14:30:00;-1;CRY;LIV
SWA X MCI 2015-05-17;451 (85%);395 (85%);11;7;53%;47%;6;2;7;11;3;0;59;49;0;0;7;7;;;2;0;530;463;;;15;7;5;2;11;9;7;6;22;13;3;0;4;2015-05-17;-6.0;31.0;19.0;12.0;57.0;35.0;19.0;7.0;34.0;32.0;-20.0;-3.0;-19.0;-10.0;-83.0;-55.0;-36.0;-20.0;-12.0;-1.0;-50.0;-29.0;40.0;-17.0;-10.0;-21.0;-8.0;-5.0;-3.0;21.0;-75.0;-42.0;-30.0;22.0;-17.0;-7.0;1.0;-5.0;-6.0;1.0;45.0;-5.0;-62.0;-67.0;-39.0;13.0;-19.0;-16.0;-10.0;-4.0;-8.0;-10.0;10.0;36.0;76.0;40.0;7.0;18.0;-56.0;-34.0;-70.0;-81.0;70.0;11.0;-76.0;-42.0;-20.0;4.0;-15.0;-66.0;-31.0;-16.0;-7.0;-77.0;-34.0;-13.0;-6.0;-1.0;1.0;26.0;22.0;94.0;58.0;36.0;57.0;35.0;17.0;17.0;9.0;1.0;7.0;-70.0;2;10:30:00;-1;MCI;SWA
MUN X ARS 2015-05-17;324 (78%);459 (82%);12;18;43%;57%;0;5;5;5;0;1;60;71;0;0;3;3;;;2;8;414;560;;;6;7;2;3;3;4;0;5;5;12;0;1;1;2015-05-17;1.0;49.0;29.0;14.0;11.0;14.0;48.0;31.0;21.0;10.0;8.0;1.0;4.0;5.0;-3.0;3.0;4.0;10.0;1.0;1.0;1.0;6.0;2.0;3.0;78.0;46.0;28.0;17.0;40.0;24.0;14.0;19.0;52.0;3.0;24.0;4.0;3.0;1.0;-1.0;5.0;20.0;7.0;-6.0;-1.0;5.0;4.0;1.0;-21.0;-42.0;-25.0;35.0;13.0;-19.0;7.0;9.0;4.0;35.0;4.0;5.0;-9.0;-61.0;-35.0;-79.0;-45.0;-29.0;-6.0;-2.0;23.0;-4.0;-18.0;-8.0;-3.0;2.0;-3.0;2.0;22.0;15.0;10.0;15.0;12.0;28.0;11.0;-34.0;-4.0;-11.0;-7.0;-7.0;32.0;-39.0;11.0;-6.0;-15.0;1;13:00:00;0;ARS;MUN
WBA X CHE 2015-05-18;559 (90%);369 (87%);5;3;60%;40%;5;1;4;3;1;0;44;39;0;0;2;3;1;0;1;1;623;422;1;0;5;5;4;3;3;5;7;4;12;9;2;3;0;2015-05-18;-1.0;45.0;27.0;15.0;8.0;-31.0;-20.0;-13.0;-8.0;-6.0;-2.0;-1.0;-2.0;-2.0;4.0;-2.0;44.0;5.0;7.0;2.0;5.0;14.0;5.0;8.0;8.0;-7.0;-1.0;-63.0;-38.0;-34.0;-25.0;-21.0;-49.0;6.0;-35.0;-39.0;-21.0;31.0;20.0;1.0;0.0;1.0;76.0;41.0;25.0;27.0;16.0;3.0;5.0;-11.0;-11.0;-12.0;-13.0;-53.0;-37.0;-32.0;-21.0;55.0;90.0;46.0;17.0;-11.0;-9.0;-16.0;-14.0;-13.0;-13.0;-3.0;-13.0;-13.0;-13.0;-73.0;-48.0;-34.0;27.0;-8.0;-3.0;-33.0;-3.0;-21.0;-18.0;-3.0;-4.0;-8.0;-7.0;-7.0;-7.0;-7.0;-11.0;75.0;-8.0;-30.0;3;17:00:00;1;CHE;WBA
ARS X WBA 2015-05-24;285 (79%);576 (90%);14;9;37%;63%;3;7;3;7;;;49;36;0;0;9;4;1;2;3;1;359;637;;;8;18;6;4;5;13;6;6;14;24;0;1;1;2015-05-24;6.0;5.0;41.0;-31.0;-2.0;3.0;78.0;41.0;100.0;76.0;43.0;9.0;22.0;6.0;-5.0;40.0;26.0;20.0;58.0;46.0;30.0;29.0;6.0;63.0;40.0;44.0;31.0;24.0;62.0;42.0;100.0;68.0;46.0;9.0;21.0;9.0;18.0;12.0;4.0;-38.0;30.0;3.0;3.0;-13.0;-4.0;86.0;3.0;8.0;8.0;100.0;63.0;42.0;29.0;-56.0;-100.0;-55.0;56.0;-29.0;-8.0;5.0;-31.0;-19.0;-17.0;-11.0;-37.0;-20.0;-3.0;74.0;3.0;43.0;31.0;31.0;26.0;18.0;-67.0;-32.0;-17.0;-2.0;49.0;3.0;33.0;22.0;76.0;77.0;54.0;33.0;22.0;-37.0;23.0;28.0;4.0;-110.0;4;12:00:00;1;WBA;ARS
ASV X BUR 2015-05-24;213 (67%);454 (86%);24;22;37%;63%;2;2;2;7;;;51;51;0;0;5;2;;;1;1;319;530;;;4;11;1;10;3;5;2;6;6;17;2;1;1;2015-05-24;-6.0;-19.0;-8.0;7.0;7.0;7.0;6.0;11.0;38.0;20.0;19.0;-44.0;14.0;15.0;9.0;3.0;4.0;5.0;-28.0;-12.0;-4.0;13.0;-22.0;8.0;4.0;4.0;4.0;-3.0;3.0;8.0;27.0;100.0;73.0;-8.0;46.0;29.0;10.0;31.0;17.0;41.0;15.0;24.0;9.0;5.0;3.0;-11.0;31.0;57.0;34.0;10.0;6.0;35.0;26.0;19.0;15.0;12.0;-6.0;8.0;7.0;12.0;10.0;49.0;-37.0;-11.0;-3.0;4.0;24.0;-76.0;18.0;14.0;12.0;90.0;80.0;50.0;13.0;11.0;3.0;3.0;-51.0;9.0;15.0;11.0;9.0;38.0;25.0;17.0;13.0;10.0;6.0;-36.0;21.0;30.0;0;12:00:00;-1;BUR;ASV
CHE X SUN 2015-05-24;290 (85%);572 (93%);8;8;36%;64%;1;9;3;11;1;0;45;46;0;0;5;7;;;1;1;342;617;;;7;13;7;7;9;8;10;11;17;24;1;2;1;2015-05-24;3.0;6.0;6.0;7.0;2.0;-37.0;-38.0;64.0;27.0;19.0;12.0;9.0;-27.0;-7.0;-1.0;4.0;-37.0;-15.0;-26.0;-87.0;-19.0;-5.0;98.0;-1.0;3.0;19.0;17.0;12.0;10.0;8.0;81.0;50.0;32.0;81.0;21.0;15.0;1.0;-3.0;3.0;-3.0;-5.0;-18.0;-6.0;-29.0;-8.0;51.0;25.0;16.0;63.0;39.0;-36.0;10.0;75.0;48.0;33.0;21.0;33.0;16.0;68.0;44.0;40.0;28.0;40.0;18.0;14.0;12.0;-31.0;17.0;79.0;10.0;9.0;8.0;30.0;10.0;11.0;30.0;51.0;32.0;6.0;22.0;96.0;49.0;30.0;-22.0;-39.0;-26.0;-51.0;79.0;33.0;5.0;-42.0;0.0;3;12:00:00;1;SUN;CHE
CRY X SWA 2015-05-24;303 (78%);263 (77%);17;18;53%;47%;2;4;3;7;;;71;61;0;0;6;2;;;0;2;389;342;;;2;7;1;2;2;7;3;6;5;13;0;3;0;2015-05-24;1.0;32.0;19.0;12.0;18.0;7.0;3.0;3.0;2.0;2.0;-19.0;-10.0;-9.0;42.0;67.0;46.0;29.0;43.0;44.0;14.0;9.0;1.0;-4.0;-11.0;-18.0;-3.0;8.0;5.0;-3.0;8.0;26.0;12.0;9.0;-2.0;37.0;23.0;34.0;27.0;6.0;-6.0;35.0;-31.0;-37.0;-22.0;-13.0;1.0;-8.0;-2.0;-1.0;-1.0;-1.0;5.0;2.0;21.0;87.0;22.0;-4.0;12.0;7.0;-6.0;-6.0;-1.0;-1.0;-1.0;20.0;11.0;6.0;-1.0;2.0;5.0;29.0;11.0;10.0;4.0;40.0;20.0;-17.0;-4.0;-5.0;-3.0;-6.0;19.0;3.0;-2.0;-2.0;-10.0;-7.0;-3.0;-6.0;-2.0;-3.0;-5.0;1;12:00:00;1;SWA;CRY
EVE X TOT 2015-05-24;521 (83%);304 (74%);20;15;60%;40%;9;2;5;3;0;1;58;48;0;0;1;2;;;4;2;624;409;;;9;8;4;6;3;1;7;1;16;9;2;1;1;2015-05-24;1.0;-30.0;-21.0;-35.0;-23.0;-9.0;-12.0;-10.0;-46.0;43.0;-23.0;1.0;-10.0;-38.0;-62.0;-12.0;-8.0;-82.0;-54.0;-31.0;-23.0;-16.0;-5.0;-6.0;-6.0;-6.0;-3.0;30.0;20.0;7.0;8.0;4.0;-6.0;-2.0;-3.0;-7.0;5.0;27.0;12.0;-4.0;30.0;-5.0;-12.0;32.0;10.0;-30.0;37.0;23.0;50.0;28.0;18.0;5.0;-4.0;-16.0;-13.0;-11.0;-17.0;-9.0;-3.0;-9.0;-13.0;-35.0;-83.0;-62.0;-29.0;-25.0;-14.0;-13.0;-6.0;-34.0;-23.0;18.0;5.0;1.0;-8.0;33.0;14.0;1.0;-10.0;3.0;-8.0;-7.0;8.0;1.0;-7.0;14.0;-12.0;-9.0;-12.0;-49.0;-13.0;30.0;0;12:00:00;-1;TOT;EVE
HUL X MUN 2015-05-24;424 (81%);241 (72%);16;17;60%;40%;3;5;1;8;;;52;54;0;0;6;1;1;0;0;6;525;336;1;0;3;11;3;5;1;6;4;5;7;16;2;2;0;2015-05-24;1.0;14.0;59.0;38.0;23.0;14.0;9.0;2.0;2.0;7.0;50.0;1.0;55.0;33.0;20.0;12.0;5.0;7.0;5.0;8.0;1.0;1.0;-5.0;-10.0;-4.0;-2.0;1.0;1.0;2.0;7.0;9.0;10.0;6.0;-2.0;3.0;1.0;5.0;3.0;-5.0;1.0;-5.0;1.0;-5.0;-2.0;31.0;-5.0;23.0;15.0;21.0;14.0;13.0;8.0;1.0;11.0;8.0;6.0;-3.0;-29.0;22.0;5.0;4.0;54.0;66.0;34.0;27.0;17.0;8.0;41.0;4.0;4.0;3.0;8.0;86.0;48.0;30.0;29.0;18.0;5.0;19.0;4.0;3.0;2.0;42.0;36.0;22.0;14.0;9.0;3.0;2.0;22.0;-9.0;-25.0;0;12:00:00;0;MUN;HUL
LEI X QPR 2015-05-24;309 (73%);249 (71%);22;30;55%;45%;7;2;6;5;;;52;64;0;0;2;1;;;1;3;422;350;;;5;18;9;13;2;7;13;4;18;22;;;1;2015-05-24;1.0;-6.0;-35.0;-17.0;-11.0;-7.0;-40.0;74.0;29.0;16.0;13.0;29.0;9.0;-7.0;-4.0;4.0;-32.0;-19.0;-13.0;-30.0;-20.0;-17.0;16.0;28.0;8.0;4.0;40.0;21.0;-53.0;-26.0;-18.0;-21.0;-29.0;8.0;-11.0;-8.0;-7.0;68.0;38.0;22.0;30.0;-41.0;-24.0;-20.0;-7.0;34.0;20.0;86.0;50.0;100.0;61.0;40.0;-20.0;-80.0;-48.0;31.0;24.0;30.0;-30.0;1.0;6.0;31.0;-30.0;-5.0;21.0;29.0;65.0;11.0;61.0;66.0;33.0;18.0;7.0;3.0;-49.0;-29.0;-17.0;-9.0;5.0;-5.0;1.0;-20.0;-11.0;31.0;21.0;89.0;57.0;31.0;18.0;2.0;12.0;;5;12:00:00;1;QPR;LEI
MCI X SOU 2015-05-24;306 (78%);387 (81%);10;18;46%;54%;3;2;4;8;;;60;53;0;0;5;4;;;7;0;393;475;;;8;10;6;7;4;6;5;5;13;15;1;1;0;2015-05-24;-6.0;10.0;7.0;4.0;8.0;4.0;3.0;-4.0;2.0;2.0;7.0;-39.0;5.0;-59.0;37.0;3.0;100.0;78.0;52.0;25.0;16.0;27.0;-29.0;37.0;98.0;60.0;77.0;40.0;53.0;22.0;9.0;24.0;46.0;-14.0;21.0;9.0;7.0;4.0;6.0;7.0;-35.0;-27.0;-10.0;-7.0;-1.0;8.0;4.0;1.0;4.0;-2.0;-6.0;-9.0;-6.0;40.0;19.0;6.0;3.0;-6.0;-1.0;20.0;-11.0;-21.0;-13.0;-13.0;-50.0;-35.0;-25.0;12.0;30.0;7.0;-41.0;-59.0;-40.0;-26.0;30.0;10.0;8.0;10.0;8.0;-11.0;-5.0;5.0;30.0;-31.0;-7.0;-4.0;20.0;100.0;62.0;25.0;-21.0;20.0;2;12:00:00;1;SOU;MCI
NEW X WES 2015-05-24;394 (81%);241 (75%);24;19;60%;40%;1;4;3;2;0;1;55;68;0;0;2;1;;;3;1;486;323;;;2;10;2;9;1;4;2;7;4;17;1;2;0;2015-05-24;-1.0;-3.0;-1.0;38.0;19.0;5.0;-7.0;-3.0;-6.0;-5.0;29.0;-5.0;19.0;10.0;-7.0;-6.0;-47.0;-35.0;-27.0;-17.0;-16.0;-8.0;-5.0;-5.0;-4.0;39.0;20.0;6.0;7.0;33.0;15.0;8.0;9.0;-5.0;34.0;17.0;9.0;4.0;1.0;-2.0;30.0;-2.0;1.0;51.0;31.0;-21.0;19.0;42.0;26.0;17.0;86.0;47.0;26.0;11.0;-10.0;-6.0;28.0;-2.0;1.0;1.0;7.0;5.0;3.0;3.0;-10.0;-3.0;2.0;6.0;2.0;-29.0;-14.0;-12.0;-5.0;32.0;20.0;63.0;39.0;-24.0;-8.0;12.0;6.0;-4.0;2.0;-19.0;82.0;43.0;27.0;-24.0;-1.0;-4.0;-5.0;5.0;2;12:00:00;1;WES;NEW
STO X LIV 2015-05-24;421 (82%);348 (81%);17;14;55%;45%;4;3;9;3;1;2;60;46;0;0;3;3;;;1;1;514;431;;;6;5;5;3;4;9;7;10;13;15;2;4;1;2015-05-24;2.0;54.0;27.0;15.0;-52.0;-16.0;-15.0;-15.0;-15.0;-6.0;-6.0;-4.0;4.0;-7.0;-5.0;74.0;34.0;18.0;9.0;79.0;39.0;-27.0;2.0;-3.0;34.0;11.0;-7.0;-42.0;-25.0;-29.0;-19.0;-9.0;-1.0;-2.0;2.0;2.0;78.0;47.0;28.0;11.0;40.0;-1.0;-5.0;-68.0;-36.0;29.0;-26.0;-16.0;-9.0;-1.0;-1.0;-1.0;-26.0;-16.0;-5.0;-3.0;14.0;-2.0;-1.0;-5.0;-4.0;-42.0;-30.0;-78.0;-32.0;-24.0;-42.0;2.0;-25.0;-85.0;-92.0;-55.0;-31.0;-18.0;-56.0;-35.0;-31.0;-19.0;-7.0;-12.0;19.0;8.0;9.0;-7.0;39.0;20.0;85.0;54.0;31.0;-4.0;14.0;-35.0;6;12:00:00;1;LIV;STO
