game;form_minute_1;form_minute_10;form_minute_11;form_minute_12;form_minute_13;form_minute_14;form_minute_15;form_minute_16;form_minute_17;form_minute_18;form_minute_19;form_minute_2;form_minute_20;form_minute_21;form_minute_22;form_minute_23;form_minute_24;form_minute_25;form_minute_26;form_minute_27;form_minute_28;form_minute_29;form_minute_3;form_minute_30;form_minute_31;form_minute_32;form_minute_33;form_minute_34;form_minute_35;form_minute_36;form_minute_37;form_minute_38;form_minute_39;form_minute_4;form_minute_40;form_minute_41;form_minute_42;form_minute_43;form_minute_44;form_minute_45;form_minute_45.5;form_minute_46;form_minute_47;form_minute_48;form_minute_49;form_minute_5;form_minute_50;form_minute_51;form_minute_52;form_minute_53;form_minute_54;form_minute_55;form_minute_56;form_minute_57;form_minute_58;form_minute_59;form_minute_6;form_minute_60;form_minute_61;form_minute_62;form_minute_63;form_minute_64;form_minute_65;form_minute_66;form_minute_67;form_minute_68;form_minute_69;form_minute_7;form_minute_70;form_minute_71;form_minute_72;form_minute_73;form_minute_74;form_minute_75;form_minute_76;form_minute_77;form_minute_78;form_minute_79;form_minute_8;form_minute_80;form_minute_81;form_minute_82;form_minute_83;form_minute_84;form_minute_85;form_minute_86;form_minute_87;form_minute_88;form_minute_89;form_minute_9;form_minute_90;form_minute_90.5
DUI X KAI 24-07-2015;-6;-7;-4;-5;-78;-41;25;-1;20;-76;90;5;29;21;45.0;36;4;-6;-3;-5;-9;-5;5;-78;-47.0;45;9;-6;9;4.0;29;15.0;-12;48;-7;-10;-9;-6;-34;-21;0.0;-2;-1;-2;-2;33;-2;-2;-32;-19;-11;-7;-9;-8;30;44;15;21;17;15;6;1;6;8;4;2;-6;-31;-2;5;6;3;-6;-1;-6;5;5;8;-13;9;100;54;31;12;-31;-21;-8;20;-31;-11;-16;5.0
FUR X KAR 25-07-2015;-6;44;47;29;23;15;10;5;-4;-4;-21;5;-31;-37;-20.0;-20;22;3;4;9;2;10;-6;55;2.0;-6;-7;5;-9;10.0;4;2.0;-6;5;-2;-2;5;1;-21;-6;0.0;-1;-1;35;15;-6;8;5;7;11;12;27;10;28;49;26;7;21;16;10;6;1;3;-13;8;3;4;3;30;16;21;15;16;40;26;7;12;-8;3;-5;-5;8;4;6;6;6;11;12;28;63;92;50.0
STP X ARM 25-07-2015;1;1;13;8;4;-15;31;7;-5;61;36;1;24;15;9.0;6;-10;21;29;17;50;30;1;-18;3.0;33;17;7;-33;-9.0;-5;8.0;4;-10;36;28;48;35;42;25;-25.0;8;6;5;-3;-5;2;7;6;5;4;53;32;20;13;-29;-37;-94;-55;42;6;97;29;18;14;39;28;-22;60;37;17;10;36;20;19;8;36;21;-8;4;-29;-13;-48;-27;-18;-12;-45;-42;-23;6;-11;-55.0
FSV X RBL 25-07-2015;6;3;-4;7;8;6;4;4;-19;42;24;-4;20;12;10.0;-39;-15;-3;-1;2;-29;-20;2;-2;1.0;1;-5;1;-30;-22.0;-18;-14.0;-8;-4;6;2;-5;1;-5;6;15.0;31;22;7;8;-6;4;-31;-14;-9;-51;-100;-61;-58;-45;-19;-8;-1;-1;-1;9;-6;-1;-1;-1;-2;-2;-3;5;-1;80;78;56;28;17;4;1;1;7;5;8;35;21;7;-5;-5;-35;-20;36;3;-5;0.0
SCP X BOC 26-07-2015;6;4;-5;-39;-22;-13;-12;-11;6;-5;1;8;6;-10;21.0;6;-20;-8;6;-4;-1;1;10;1;1.0;2;2;-4;2;7.0;-29;-13.0;-11;12;-5;-2;1;12;58;41;;25;21;38;60;7;31;19;7;3;-4;-1;7;44;32;20;-5;62;37;-75;-28;-16;-13;-7;1;1;25;1;45;27;21;13;6;46;23;13;8;-5;1;-100;-55;-27;-16;21;14;18;46;22;7;6;5;80.0
HEI X MUN 26-07-2015;1;13;3;8;-40;-25;-45;-25;-45;31;4;-5;10;12;9.0;4;8;10;16;40;25;15;6;9;6.0;2;12;8;-5;-5.0;-1;1.0;1;2;1;7;10;7;5;-40;0.0;36;8;11;12;6;16;8;5;3;2;2;12;8;56;44;4;32;10;12;4;3;62;39;24;20;8;-5;1;-49;-27;-15;32;9;-29;102;100;100;1;53;35;19;-19;-9;-3;136;85;58;40;6;19;-35.0
UNB X DUS 26-07-2015;-1;-2;10;-1;2;-21;-17;-11;40;13;-21;10;-1;5;10.0;4;3;41;23;12;7;8;4;-6;-52.0;-31;-13;-8;-24;-10.0;-1;-6.0;-8;-6;-8;-45;-42;-24;-24;-30;0.0;31;8;1;61;5;45;30;19;18;12;3;2;-9;-3;-61;76;-95;-90;-21;52;28;17;49;48;55;34;43;21;71;42;28;58;53;26;-61;-28;-20;-31;-14;-29;20;22;-31;-6;-43;-47;-100;-61;-2;-67;
EBR X SAN 26-07-2015;6;6;11;3;-3;3;3;4;-3;-5;-2;10;6;2;-5.0;1;1;6;3;2;7;79;3;42;-75.0;-33;-50;-34;61;29.0;18;13.0;18;9;-40;-39;-97;-17;-10;-2;;-4;12;4;22;3;-35;-12;-12;-7;-10;6;1;-10;11;-5;-3;-1;6;23;13;33;20;-75;-33;-20;-8;8;6;10;21;12;-65;-39;-18;-6;31;-35;6;-6;-8;-9;-37;-23;-13;-6;41;64;69;5;1;0.0
SCF X NUR 27-07-2015;1;28;98;64;34;97;29;17;11;8;-4;5;47;28;23.0;15;10;4;44;27;22;-39;44;-13;-9.0;-4;32;21;19;13.0;9;25.0;17;51;11;84;51;46;9;-73;45.0;-18;-78;-14;-9;52;-10;-10;-31;-21;-93;-60;-36;-24;-20;-1;32;5;81;53;26;20;11;-11;-1;-46;-33;25;35;14;7;37;22;5;-6;35;46;28;88;13;4;-4;6;1;16;16;5;8;10;47;6;95.0
NUR X HEI 31-07-2015;6;39;26;15;5;78;-70;-14;-28;-100;-77;54;-40;-18;31.0;55;28;12;2;11;-5;6;33;18;11.0;11;43;21;-29;12.0;6;16.0;6;20;42;5;38;-29;-2;2;5.0;-4;2;-4;-1;17;2;1;6;5;-4;7;4;3;2;23;45;-74;-39;-32;-43;32;28;68;42;28;35;23;20;4;3;3;-19;-9;-54;-61;-36;-24;74;-8;1;7;10;12;7;-30;-29;76;24;49;-20;0.0
ARM X FSV 31-07-2015;-1;16;9;6;4;1;-5;-2;-1;1;1;-6;-5;-7;31.0;10;1;6;29;40;24;38;29;25;11.0;32;17;6;1;-7.0;-27;-48.0;-35;13;-22;-20;-42;24;3;-12;-5.0;29;14;8;-6;7;-11;-8;5;-1;-1;25;35;55;33;29;4;15;7;-31;-21;-13;-27;-16;-7;26;12;-5;39;23;14;-25;-10;-8;41;21;14;8;-2;-30;-17;21;6;-40;-44;-26;-17;-10;-3;21;5;10.0
KAI X EBR 31-07-2015;-6;23;8;-18;-41;-36;-25;-7;-5;8;12;-28;-8;3;4.0;9;7;-28;-10;23;11;9;-61;15;16.0;10;7;6;5;9.0;2;-29.0;-54;-40;42;-14;-2;12;11;65;20.0;2;-39;-20;-10;-33;-4;2;4;4;4;4;34;22;14;15;-28;5;-29;-15;11;5;9;3;12;47;28;-49;16;11;1;-1;1;-4;-7;-3;6;-40;-35;31;1;-4;-6;-4;7;2;-4;-24;-8;-25;-9;-5.0
BOC X DUI 01-08-2015;1;53;23;14;-14;7;7;3;8;2;1;6;6;9;36.0;23;15;15;35;79;68;92;4;50;29.0;14;23;11;8;6.0;5;2.0;1;3;41;29;18;41;24;17;25.0;1;1;5;3;3;2;50;3;-17;24;22;88;58;39;30;-4;20;10;4;6;36;25;48;67;43;100;2;64;39;24;22;11;10;9;4;5;6;17;2;8;11;8;81;55;29;14;-28;-55;30;-1;
MUN X SCF 01-08-2015;-36;30;20;41;28;-36;-18;-11;-4;-3;-11;-21;-6;5;-1.0;-1;4;2;-2;-2;-1;-2;-8;29;15.0;8;8;9;2;-2.0;-12;-7.0;-5;-25;-9;-6;4;-2;-6;-2;0.0;-6;4;-1;-1;20;5;3;1;-1;20;11;21;17;5;1;-6;5;2;-1;5;3;1;30;18;10;5;-5;1;-57;-35;-27;-23;-90;-51;-36;-23;-9;5;-1;34;23;12;5;-7;29;63;41;29;-6;-1;-5.0
DUS X SCP 02-08-2015;-1;25;18;16;3;-29;41;9;-31;-15;-12;1;-50;-30;-45.0;-27;-21;-10;-11;30;9;5;75;-6;10.0;22;-41;-65;-44;-27.0;-18;-13.0;-9;45;5;40;43;30;18;-6;-5.0;-4;-3;-58;-30;2;-19;-12;-83;-46;-34;-26;-76;-100;-61;-46;-30;-23;39;25;4;12;35;17;8;-7;-31;-15;-52;-28;-89;-49;-24;-9;-3;11;9;12;21;10;13;10;28;39;30;20;19;10;94;38;50;30.0
KAR X STP 02-08-2015;6;-78;-12;-28;-12;-2;28;19;12;1;-1;32;5;-1;-46.0;-31;-19;-7;40;23;18;100;18;61;27.0;10;5;-54;-63;-38.0;-17;-6.0;-1;5;-21;-87;-47;-34;-21;25;-60.0;8;5;4;48;3;7;5;4;18;8;6;-30;-14;-13;-17;6;-9;-7;31;16;31;44;22;7;-49;-26;15;-11;-4;-6;-28;-15;-8;32;-29;-4;-1;9;-4;-3;6;5;4;4;8;36;22;9;-11;2;45.0
SAN X UNB 02-08-2015;2;8;6;2;1;1;35;21;18;15;4;-4;30;93;55.0;37;23;51;25;15;4;1;2;-7;-45.0;-27;-15;-48;-72;-29.0;-16;-14.0;36;-14;27;-35;-15;-6;-33;28;5.0;8;-12;34;10;-1;-11;-4;2;7;3;-129;-63;-32;-18;-5;2;12;12;33;30;23;19;17;16;16;7;27;16;87;-73;-15;-5;-1;-3;-3;3;-3;17;123;70;44;59;43;100;100;71;42;-78;13;-35;100.0
RBL X FUR 03-08-2015;6;-4;2;-94;-55;77;2;32;32;10;31;-5;21;11;2.0;8;-49;-26;-9;40;24;22;1;13;6.0;-1;-1;25;18;10.0;6;-11.0;-11;-4;30;-76;-42;-19;-11;35;-5.0;3;24;37;-38;-2;-11;-4;8;-28;-10;8;3;-3;4;4;-6;50;37;19;13;-98;-54;-35;-23;-11;2;6;3;-3;-27;-14;78;42;-43;-10;-4;-10;7;-4;-38;-24;-17;-12;-5;-3;-4;3;-4;-4;-4;-40.0
HEI X DUS 14-08-2015;6;20;51;31;14;19;6;1;1;6;8;13;5;13;-40.0;-20;-13;49;16;16;-12;-2;13;-36;-22.0;-15;-9;-6;-3;4.0;-2;-6.0;-10;8;-12;-7;-3;16;14;39;0.0;1;-15;-2;-31;5;-48;-33;29;3;-7;-2;-6;-7;-5;-9;13;-2;-12;-13;-14;-9;-2;-7;-5;14;9;7;9;9;-7;-42;-30;-14;20;26;93;50;64;23;32;12;1;5;-16;-4;-2;-2;5;33;10;-5.0
FSV X KAR 14-08-2015;76;-50;-21;-7;-4;-7;1;-75;-44;-16;-8;45;-4;3;2.0;1;1;1;1;1;-5;6;22;-5;6.0;6;-40;-21;-12;-67.0;-60;-33.0;-19;18;-11;-7;-2;-41;-100;-77;;-40;-20;-85;-44;6;-27;39;16;4;-7;-3;-11;-8;-10;-6;-1;39;19;10;5;2;2;52;22;10;8;6;1;2;1;-4;-4;2;-3;32;19;3;3;-29;-13;-18;32;4;1;2;-19;-14;-21;7;-45;35.0
SCP X SAN 14-08-2015;-1;-95;-64;-30;-25;-17;-7;-26;-18;-12;-84;-12;-51;29;-1.0;-2;8;3;-2;-7;-5;4;-5;-2;-1.0;-52;-22;-44;29;44.0;34;13.0;8;-5;31;9;-42;-22;-14;-12;;24;36;55;76;-5;53;38;24;-72;-35;-28;-83;-46;-34;-17;3;-11;4;-72;-37;-65;-42;-33;-22;-21;-12;-78;-10;-8;-42;-27;-19;-34;-23;-14;-11;7;-48;-4;-3;-35;-23;-52;-34;-83;-100;-77;-41;-31;-30;
EBR X RBL 15-08-2015;30;45;16;4;1;-1;20;4;52;30;12;17;5;3;20.0;4;2;31;22;16;14;8;4;1;3.0;-2;14;1;-2;-2.0;9;31.0;22;-41;12;10;9;6;-32;-23;-5.0;-47;-49;-85;-56;35;-43;-52;-30;-14;-8;-34;-13;-3;-7;5;-41;7;8;4;-6;-37;-2;5;26;5;-76;-21;-28;-18;-18;-5;11;29;-31;-83;-50;-31;-8;-21;-11;-61;-27;60;19;6;7;7;4;-2;25;95.0
SCF X BOC 15-08-2015;1;36;-50;-12;-6;-3;-4;1;6;29;22;-5;23;14;9.0;4;33;-29;-4;-1;17;2;-2;4;3.0;8;34;17;1;1.0;1;2.0;1;6;2;2;2;2;12;3;0.0;2;6;10;-19;7;12;3;12;18;38;23;15;10;-24;-45;-5;-25;-18;-19;-42;-26;-38;-100;-62;-38;-55;1;-100;-62;-40;-18;-7;-75;-38;-22;-13;-7;1;1;5;8;80;48;39;28;46;32;-20;-5;1;-10.0
UNB X KAI 16-08-2015;6;-37;-23;-20;-13;-7;29;12;-32;-20;-14;31;-62;-38;-52.0;-100;-70;-45;-23;-7;-17;-14;16;-9;-12.0;-3;-52;-32;-25;-45.0;-28;-14.0;-9;13;-16;-49;-50;-31;-19;4;0.0;-7;-1;6;18;-7;6;9;31;18;20;23;18;-15;-32;-9;-12;36;-25;-2;6;8;22;21;73;8;10;-15;5;8;81;60;40;29;26;15;13;7;-21;14;14;4;-34;-17;-19;-35;-99;-45;-20;-44;-5;5.0
STP X FUR 16-08-2015;1;2;3;3;52;22;9;1;6;1;-4;-4;77;40;29.0;23;5;-1;-34;-25;-10;-4;-6;6;4.0;-30;-55;-27;76;35.0;-50;-12.0;-7;-2;-9;-4;-75;-43;-60;-35;-35.0;1;7;26;-48;-20;-22;-16;-53;-31;-7;-2;38;31;20;43;-46;32;48;30;15;-43;-20;-12;8;-27;-7;-31;-13;-1;27;12;8;81;49;38;4;3;-17;-77;-49;-29;-9;47;30;19;52;27;-44;-4;-42;75.0
DUI X ARM 16-08-2015;1;-38;-19;-7;-30;-57;-35;-22;-54;-32;-22;3;-34;-100;-59.0;-41;-100;-24;-10;-1;20;15;-2;5;2.0;-46;-33;-21;-13;-8.0;-2;-42.0;-60;-2;-42;-30;-14;-6;-2;-1;0.0;40;21;13;8;4;-5;-2;11;35;21;-40;-15;-9;21;7;5;8;-5;1;-5;-17;11;10;6;-10;6;-77;76;40;29;18;-31;75;53;40;28;13;-50;2;15;12;6;3;-31;20;4;2;-6;-61;-41;25.0
NUR X MUN 17-08-2015;-6;-8;-1;-6;-10;-2;-2;-7;-9;-11;34;-4;14;13;4.0;-74;-48;-37;-56;-42;-73;-52;-8;-34;-27.0;-19;-11;-15;-12;-8.0;-5;-4.0;-3;-11;-3;-3;-63;-38;24;-2;-95.0;-2;7;4;3;-7;8;11;17;16;20;73;19;11;2;7;-70;7;-54;-87;82;23;29;16;-40;-25;-20;-47;-7;-8;-1;-10;-80;-57;-63;-32;-28;-10;-23;6;2;61;-60;-12;-7;-24;-53;-21;-17;-4;31;-25.0
ARM X EBR 21-08-2015;1;21;17;5;2;1;1;1;5;33;15;1;9;1;-5.0;-14;-8;31;15;9;1;-5;1;-4;-17.0;-15;-8;-100;-68;41.0;-5;6.0;4;-30;32;16;5;32;24;31;-25.0;12;-8;-2;3;-21;8;-8;-4;48;23;10;4;-3;-46;-100;-72;-95;-59;-77;-70;-38;-27;-17;-9;4;29;-42;15;2;-2;-37;-26;-12;-8;-17;-14;-15;-5;-11;-3;-23;-40;-25;-91;-21;-18;-15;-11;36;-32;0.0
SAN X HEI 21-08-2015;1;-8;-5;-3;-3;29;9;4;-27;-20;-20;1;-13;-2;5.0;8;5;8;4;2;40;24;1;8;5.0;-31;-19;-6;-3;-2.0;-1;-23.0;-45;-5;-24;38;16;9;15;1;;-8;-12;-9;-8;-2;-6;-5;3;-3;-2;-3;-24;-41;-91;-51;-22;-32;18;-3;3;-28;-17;-13;-9;8;1;-20;78;-48;-23;-15;33;11;3;-13;-6;-13;-18;-39;-29;-23;-14;-14;-12;-8;-1;-1;-2;-12;4;25.0
FUR X FSV 21-08-2015;2;7;-4;-4;-1;7;14;10;8;6;9;2;11;8;11.0;8;5;-14;-9;-79;-45;-30;8;-21;-51.0;32;4;63;69;50.0;33;15.0;6;6;2;1;1;-4;-5;-7;;-3;-1;6;33;5;25;15;-10;6;5;8;5;24;9;10;34;1;5;2;2;-5;-6;-4;-2;-6;-27;22;-15;-9;-15;-12;-34;-19;-10;-4;-1;27;14;17;31;4;8;9;6;-4;1;1;-74;9;1;65.0
DUS X SCF 22-08-2015;2;11;11;6;3;-41;-19;-23;-14;-30;59;-1;19;-32;-7.0;-3;-7;-3;-24;-8;-8;-4;5;-1;17.0;15;10;-74;-39;-43.0;77;30.0;-59;2;-69;-44;-35;-25;-9;2;0.0;6;4;3;13;6;8;5;-4;2;47;23;14;24;15;11;3;8;30;16;3;1;-1;5;-1;50;29;1;16;8;4;40;82;38;57;33;9;4;-1;6;9;-7;-2;-3;-34;-22;-15;-20;-4;19;-2;-80.0
KAR X DUI 22-08-2015;1;-19;-8;-14;-2;7;4;3;4;-4;7;41;8;36;22.0;9;6;4;-4;-1;2;-4;25;-5;-1.0;7;-4;1;-4;-4.0;-1;47.0;28;21;13;14;10;4;28;18;70.0;32;20;17;16;13;10;14;39;23;9;10;81;21;8;35;9;56;33;42;56;-40;-6;-3;6;31;21;8;13;3;7;8;15;15;10;-19;31;18;5;16;40;21;-19;-4;-7;51;27;-19;11;4;6;0.0
MUN X UNB 23-08-2015;-10;-16;-8;7;-5;1;1;-25;-4;-1;-5;-5;-8;-2;6.0;-4;2;-4;-31;-22;-7;-8;51;-3;2.0;-4;-6;-2;2;2.0;1;2.0;-29;63;47;43;51;31;7;-4;-5.0;-1;-9;-4;-1;13;7;9;2;7;-4;42;64;44;37;28;-20;44;29;23;13;83;78;36;22;18;6;-96;-25;-16;-29;-17;-9;-3;26;16;50;30;-50;19;5;8;3;7;5;9;-5;1;1;-32;6;40.0
RBL X STP 23-08-2015;6;22;-59;-33;42;23;15;20;9;4;8;3;16;16;51.0;52;37;18;2;-44;-31;-17;18;-12;-10.0;2;2;-8;-7;-11.0;-15;-12.0;-9;13;-8;-57;-41;-32;-22;-90;0.0;-3;-24;-17;-26;9;-12;29;18;29;12;5;-7;-9;-38;-13;12;-14;-14;-9;-4;-9;-6;19;2;-12;9;49;-2;-2;-2;-1;20;14;38;17;4;-11;69;-11;-9;5;30;17;-11;4;41;37;51;43;30;-15.0
BOC X NUR 23-08-2015;-1;35;18;28;17;21;11;7;3;3;-5;5;3;52;23.0;20;24;21;31;-39;-10;12;-76;8;39.0;27;17;71;43;24.0;90;65.0;40;-43;30;29;43;21;8;-4;-5.0;-5;22;7;1;-24;-4;2;-49;-27;-14;-11;-9;2;32;20;46;54;34;42;24;-49;77;53;32;20;62;58;27;11;17;6;2;2;8;-4;-29;32;41;10;6;20;5;-39;-20;32;11;8;14;25;9;-10.0
KAI X SCP 24-08-2015;-1;-56;-37;-26;37;9;85;47;34;48;30;-1;18;17;-39.0;-13;-11;-11;-6;-4;-7;-2;-1;32;13.0;9;7;5;2;3.0;3;8.0;11;5;38;-29;7;2;2;7;-20.0;7;4;8;5;-6;-5;1;-30;-22;-13;-7;-8;-2;51;59;-2;35;22;8;6;-10;6;1;-20;-16;-8;5;-4;-2;11;7;5;-10;-32;-24;-13;-12;-39;-5;11;6;4;-5;21;31;24;25;86;-21;1;110.0
HEI X KAI 28-08-2015;-1;-9;-16;-5;30;-21;-32;-18;-1;-3;-1;5;-76;-44;-22.0;-13;15;9;10;5;2;-1;-6;-1;-1.0;-35;-16;45;25;19.0;9;4.0;-1;-2;-5;-8;-4;-2;6;8;-50.0;1;5;53;32;-1;-30;-35;-21;-6;-6;3;-3;-3;73;39;5;1;-3;73;34;13;7;2;-6;-6;3;-6;-2;-43;-13;-10;-1;-1;-6;-33;-15;25;-22;-31;-43;-19;-12;-15;-7;85;47;32;-36;-14;-10;-5.0
UNB X RBL 28-08-2015;-51;2;-6;-40;-24;-15;-14;-48;-32;-24;-10;-35;-6;5;-6.0;-7;25;86;45;6;3;-28;-21;-54;-34.0;-16;-7;3;-13;-3.0;8;4.0;4;-13;6;-3;-7;-22;-16;-2;;8;41;28;19;-8;10;10;-6;-1;-40;-19;-16;-9;-5;-10;-1;-31;35;9;5;54;33;12;-26;-5;-12;30;-7;-8;-43;-25;-19;41;7;8;5;13;16;5;-5;1;6;-75;-42;-29;-17;66;33;14;-35;-25.0
SCF X SAN 28-08-2015;6;49;35;22;5;2;32;19;13;10;-39;4;-29;-45;-5.0;7;36;29;26;20;18;10;4;-27;79.0;41;27;14;9;4.0;79;45.0;70;4;50;33;17;18;11;4;0.0;5;48;28;17;-4;10;-20;-16;-9;6;1;1;-30;-21;-93;7;-55;-32;41;14;24;14;-10;-3;-1;-1;5;1;45;27;17;12;3;2;1;7;81;4;50;41;30;19;7;10;7;10;-94;-50;79;7;-5.0
DUI X FUR 29-08-2015;-1;-19;-12;-8;-5;-2;29;15;8;-12;-4;-1;-30;-39;-24.0;-44;-22;-13;-9;-7;-9;-3;19;43;26.0;-123;-35;-23;-19;73.0;12;-53.0;-30;4;-25;-62;-42;-28;-19;-18;45.0;-8;-12;-14;-11;1;-84;-57;-100;-70;-42;20;-1;-6;4;1;-2;-31;-19;-16;-11;-7;-2;-2;-6;30;14;-2;37;16;9;2;75;42;44;65;43;24;-2;23;17;1;-1;-1;-23;-5;4;-2;4;-22;2;-80.0
SCP X ARM 29-08-2015;1;-6;-2;-33;-19;32;8;6;-89;-48;-30;1;22;-24;32.0;20;53;31;-49;-23;-13;12;1;12;16.0;11;7;79;52;36.0;22;19.0;7;1;4;3;3;8;-44;-29;0.0;22;4;4;63;1;11;6;-4;-74;-41;-26;32;11;-29;-38;1;-21;-13;22;61;4;-5;-25;-60;-44;26;36;-35;-21;-13;16;3;-5;-5;-5;-83;-54;27;-30;-52;-34;36;8;-5;-5;-4;-9;-9;-29;1;-10.0
NUR X DUS 30-08-2015;-5;10;7;14;9;1;1;-5;-1;31;-45;-32;-9;11;4.0;1;-5;-5;-8;6;-45;-25;-13;-14;-12.0;-37;-18;-10;-15;-18.0;-3;11.0;10;-7;12;8;5;2;-80;1;0.0;5;8;5;8;-4;10;1;1;-5;-3;-2;-1;1;1;1;-6;-5;-2;-6;-3;-7;41;26;16;84;55;6;30;-30;31;37;17;5;5;1;-1;-5;3;-2;-5;11;-5;-5;-2;-20;-12;-31;-63;7;-37;10.0
EBR X KAR 30-08-2015;-5;86;51;67;36;23;14;10;-4;2;7;-7;1;-14;-5.0;12;1;2;9;2;2;8;-29;6;-4.0;-6;5;-1;10;15.0;9;4.0;-6;-72;5;-6;-3;-2;75;-1;-5.0;5;2;-21;43;-43;20;3;9;84;39;-38;23;39;95;59;33;40;24;9;8;81;50;26;48;20;3;11;-28;78;36;-58;-58;-31;-23;-13;-2;7;15;5;24;10;2;1;1;-4;21;12;-29;15;-11;-40.0
FSV X STP 30-08-2015;-5;6;-5;1;1;1;41;24;15;4;7;-2;7;-75;-41.0;-8;-5;-3;9;10;5;-10;-1;-3;-1.0;-1;7;9;6;10.0;7;4.0;-19;1;22;7;10;7;6;13;-50.0;2;73;36;19;6;-13;3;3;-33;-30;-49;-26;38;43;-33;-35;-2;28;50;25;20;10;7;-13;-63;-39;-23;-20;-14;-9;-3;-34;-20;-12;-57;-39;-26;-8;-21;-12;-4;-2;5;2;-6;-7;-30;-28;-4;-22;-160.0
BOC X MUN 31-08-2015;1;-9;-34;-19;-8;-3;7;5;44;27;22;6;13;9;3.0;-4;-5;-17;-4;7;8;6;-4;6;4.0;4;3;8;6;-4.0;-39;-36.0;-25;2;-13;-6;-19;-49;-27;2;0.0;2;-2;74;37;1;16;13;46;16;-32;-18;-42;-29;79;43;1;-42;-7;4;-7;39;27;20;10;-7;-3;-4;-8;-10;6;5;3;-5;-5;-3;41;28;-30;67;70;2;6;2;6;36;24;19;11;-17;2;25.0
KAI X SCF 11-09-2015;1;5;1;5;8;9;-6;-6;-3;-7;5;-6;-6;5;-6.0;-7;-4;-7;15;1;-1;-1;-8;-2;-8.0;-6;4;-7;-10;-2.0;9;6.0;27;-15;10;9;-7;-3;-95;-2;-60.0;-2;-21;-12;-2;-9;1;-10;-4;6;31;8;11;11;11;-30;25;-8;21;28;36;24;9;-5;-6;6;1;11;-30;-56;-100;-64;-33;-7;-2;3;31;18;2;4;-31;-16;-17;-20;-12;-10;-6;-78;-46;1;-28;0.0
RBL X SCP 11-09-2015;1;1;6;47;48;59;30;18;12;26;88;-40;53;67;43.0;22;11;10;6;12;10;100;-23;97;66.0;40;20;30;18;12.0;49;26.0;10;-13;3;-3;33;-28;23;31;;20;9;7;22;-7;6;-31;-21;40;9;-6;2;1;15;12;-4;7;4;2;-1;-10;40;34;90;-69;-37;5;-24;26;2;100;78;97;57;39;15;10;3;3;-4;-10;6;-24;41;17;6;4;5;-5;1;5.0
SAN X BOC 11-09-2015;-1;37;22;33;24;12;5;-6;5;-6;-7;-1;-4;-2;-2.0;-1;-60;-35;-19;-10;6;9;-1;6;9.0;6;4;-5;1;6.0;3;3.0;3;-40;7;39;24;90;54;37;5.0;1;1;31;19;-59;12;8;5;-5;-41;-38;-21;-10;-4;2;-40;4;-9;-1;-4;2;2;3;3;-4;2;-29;-4;2;7;-59;-10;-9;-35;-20;-2;6;-12;2;9;1;6;9;-30;-13;31;-75;-40;30;-31;-70.0
ARM X HEI 12-09-2015;1;-21;-43;-27;-17;-8;-5;-1;5;-31;-16;-5;-10;-51;-36.0;-19;-11;-32;-11;-6;5;-1;-7;1;-9.0;-32;-17;-8;32;18.0;-19;-21.0;-46;-4;-32;-17;-22;-40;-14;-11;;-5;2;4;4;-22;-3;-3;28;46;-33;38;22;3;8;8;-18;4;39;11;3;-28;38;-33;-15;-16;-10;-11;-11;-6;-10;-28;28;-8;-7;-11;28;4;-7;-3;-13;-8;-9;-7;-11;-3;28;23;11;-35;-3;-10.0
KAR X UNB 12-09-2015;5;-23;-19;-10;-81;-44;-20;30;55;83;53;2;26;14;25.0;82;49;40;24;19;1;1;-31;11;5.0;-6;20;10;-6;-1.0;-40;-26.0;-16;-17;-49;-35;-18;-6;-4;-1;20.0;25;21;14;-74;-5;-36;-27;-9;-44;-14;-6;-2;52;74;55;-9;4;4;2;27;24;18;17;11;46;87;-15;52;35;21;15;9;6;33;15;-75;-4;-7;-2;-8;-9;-5;-4;-2;6;33;25;20;-4;17;
FSV X EBR 13-09-2015;-5;40;19;6;-6;-1;-8;5;-1;-1;-1;-2;-1;5;1.0;-6;-7;-55;-33;-19;-11;-6;10;-5;-7.0;-34;-15;-4;6;7.0;11;1.0;-20;4;-11;-12;-2;-76;-43;6;35.0;3;10;9;9;-51;3;5;55;36;54;76;78;46;25;36;-28;100;71;45;30;29;18;14;6;7;16;-17;37;-78;-34;-8;-18;-19;-8;-1;8;2;-26;2;2;-30;-16;-84;-49;-28;41;45;33;-16;20;0.0
DUS X MUN 13-09-2015;1;75;43;29;22;13;-11;-4;-2;5;-6;-1;-1;-1;-1.0;20;11;-16;-4;5;-65;-43;-6;-24;75.0;30;27;16;10;70.0;47;26.0;19;5;-12;-6;9;-7;-8;-2;-5.0;4;-7;-3;39;-41;25;13;2;-7;-6;-5;29;9;25;55;-73;27;8;10;14;5;23;33;94;54;32;-88;22;-21;-11;-6;-4;-3;20;10;6;3;-52;1;-1;-1;-1;-1;-1;-1;-40;-24;20;-31;7;5.0
FUR X NUR 13-09-2015;1;-13;32;18;16;31;39;57;35;21;62;31;31;22;19.0;7;7;15;10;2;7;5;14;8;6.0;35;22;-44;-17;-38.0;92;45.0;36;14;98;61;1;-9;-10;-11;;-6;6;2;42;-9;55;28;-30;-7;-7;-1;-1;-6;75;43;42;30;12;-11;-1;-1;-31;-23;-8;10;-6;-74;-41;-13;-13;-38;-22;-5;-9;-75;-42;-25;-29;-15;-9;10;35;11;-76;-35;-26;-17;-28;-16;-11;45.0
STP X DUI 14-09-2015;-1;-11;-1;6;-30;-20;-31;-48;-29;-14;26;1;6;11;6.0;14;6;33;63;41;22;7;1;-32;-26.0;-57;-4;4;12;6.0;5;30.0;21;-5;51;24;18;12;6;29;;17;11;8;27;-2;16;11;13;10;6;5;-3;2;-3;-34;-1;-18;-3;7;4;-28;-11;-10;7;7;8;-5;80;48;8;14;14;-5;-20;-10;-6;11;-3;-5;-5;-1;1;1;6;13;83;45;32;-11;1;10.0
HEI X RBL 18-09-2015;6;-26;-43;-17;-6;3;33;28;38;64;65;5;43;27;11.0;-8;-11;-9;-7;-36;-18;-7;5;-11;-13.0;-8;-57;-76;-17;-86.0;-53;-25.0;-19;5;-15;-40;-26;-53;-38;-24;;-14;-9;-8;-5;5;5;4;-6;5;-1;-1;5;1;4;12;-3;31;17;14;87;60;38;12;-36;-38;-18;-18;-6;5;3;-36;-20;-17;-11;-7;-21;-13;-33;-22;-14;-53;-30;-18;-40;-24;-11;-2;-1;-48;-1;-40.0
SCF X ARM 18-09-2015;1;8;28;-27;9;10;14;15;44;29;20;8;30;26;16.0;8;-5;1;1;1;6;3;9;7;4.0;3;-5;-1;1;1.0;1;1.0;1;14;1;5;3;72;-115;6;5.0;28;47;9;-75;-32;-10;-7;-1;6;5;6;9;35;21;13;-9;8;45;85;11;32;24;42;22;92;49;-2;20;-29;-9;22;17;2;5;-4;32;8;4;-29;-12;-5;7;2;5;-4;2;1;2;4;2;65.0
BOC X DUS 18-09-2015;6;-35;-35;-100;-76;-47;-30;-55;-80;-51;-75;3;46;63;47.0;29;61;58;35;91;54;34;2;19;11.0;-40;-57;-33;-14;-8.0;-1;-30.0;-11;-20;56;-30;1;-20;-10;-14;;-11;-10;-3;27;-10;16;16;6;45;31;24;45;28;20;13;-6;-64;-34;-24;-8;-18;-9;-4;-1;-4;7;-8;-34;-16;-8;-13;-62;-33;32;8;6;9;6;6;-34;-58;47;32;20;11;10;-4;-21;41;12;-75.0
NUR X SAN 19-09-2015;-1;4;7;2;-5;-5;-8;-4;-2;96;56;1;39;18;6.0;-2;6;-5;1;-4;-2;-1;40;6;24.0;65;34;1;-25;36.0;4;-30.0;-13;24;-10;-2;-5;-25;-14;-47;;-7;-6;-8;-2;45;4;9;3;35;24;12;14;12;-12;-1;32;24;10;9;-7;4;24;56;41;65;54;49;26;12;12;5;7;-35;-17;-10;-5;11;26;7;-5;21;87;91;60;41;-45;-22;-54;11;-36;-10.0
MUN X KAI 19-09-2015;-6;11;2;1;1;1;6;78;42;25;15;-2;9;1;1.0;-30;-16;-9;-5;6;-30;-17;6;-11;-13.0;-30;-22;-14;-10;-17.0;-30;-19.0;-12;57;-19;-12;19;26;13;7;-5.0;4;-6;25;6;29;3;-6;-33;-17;-10;-7;-4;-1;-32;-20;13;-87;-53;-67;-3;-3;2;5;5;9;24;13;43;24;13;56;31;16;19;5;-50;-70;12;-42;-31;-13;-5;-1;-1;-20;-13;-3;-12;9;-53;10.0
SCP X KAR 19-09-2015;1;17;-60;-58;-36;-50;-29;-12;-4;-1;1;1;6;4;13.0;38;33;20;53;31;42;65;-5;34;-20.0;51;28;19;13;10.0;8;1.0;-9;6;-3;-11;-10;7;1;12;;9;6;4;4;-5;7;5;79;48;59;36;32;15;20;10;1;42;25;16;10;-34;-13;-1;-5;-7;1;1;6;-19;-3;-40;-38;-22;-10;-10;-52;31;31;46;28;38;100;78;39;14;2;-5;-12;18;-5;0.0
UNB X FUR 20-09-2015;-5;7;-40;-33;-14;-7;-4;20;88;52;36;6;22;12;67.0;35;21;13;8;21;48;29;1;18;96.0;56;6;9;6;-6.0;-3;21.0;17;6;6;4;-5;-1;-30;1;5.0;-5;-3;-83;-51;-40;-41;-26;-21;-8;-26;-46;-23;-20;-13;-2;56;24;32;13;51;-32;-8;-33;-20;-16;-34;25;-21;-82;-50;-31;-28;-23;-13;-18;-40;-13;20;-7;20;4;4;6;3;35;26;15;-21;7;5;0.0
EBR X STP 20-09-2015;-21;15;16;14;-6;-6;-9;-16;-70;-36;-16;-37;-10;-5;-1.0;-1;-5;-8;-10;-41;-19;36;-22;14;4.0;5;2;6;2;1.0;1;-5.0;-2;-13;-41;-39;-63;-12;-7;-30;0.0;-17;20;-6;-6;-3;-7;-10;-28;-27;-11;-47;-28;-21;-12;-3;-31;-6;5;-16;-9;-6;20;53;1;-1;4;-17;-11;-8;-8;-5;5;6;23;13;-11;-2;50;-1;15;6;-6;5;32;-26;-4;25;72;28;40;100.0
DUI X FSV 20-09-2015;5;-5;-2;-31;-23;-8;-4;46;27;12;1;-21;31;10;11.0;2;1;1;-4;-3;21;11;-50;6;4.0;3;1;-5;-2;-1.0;1;-80.0;-47;31;-31;-17;-13;22;12;42;-5.0;46;56;27;25;1;10;3;-7;-9;29;7;-32;-41;-25;-18;1;-11;-5;49;27;5;-40;-21;-16;-34;-14;1;-5;-3;-27;-9;50;-30;-2;5;32;15;4;11;11;6;-5;-16;-10;-56;-33;-19;-5;1;90;45.0
KAI X NUR 22-09-2015;6;21;7;4;-20;-14;61;50;65;25;16;3;15;13;15.0;5;3;1;-5;6;7;39;-5;23;9.0;-11;-3;-4;-7;5.0;-1;5.0;3;-1;2;-1;-96;-56;-43;-1;-5.0;-1;-1;-1;-6;6;-4;5;-1;-6;5;-1;-76;-51;-36;-22;-30;-14;-98;-59;-35;-22;-14;-2;30;-31;-9;-10;65;-36;-8;-3;5;15;4;-6;5;1;-10;-1;-31;-17;-11;-11;-7;30;16;9;15;-5;4;
ARM X BOC 22-09-2015;1;-1;-5;6;-70;-34;-19;-10;-6;7;34;1;26;16;-45.0;36;6;3;-5;1;-76;-50;6;-34;-15.0;-8;1;1;31;18.0;11;11.0;7;4;-50;-28;-6;-4;-2;31;-15.0;18;10;9;9;-30;41;23;12;15;7;-42;-50;-31;-20;-8;-15;-3;-31;-60;-67;-46;-29;-16;-8;-2;-6;-8;30;15;29;17;10;33;-41;-63;-8;-4;-4;-5;-1;78;24;29;12;-31;35;10;4;-7;-1;40.0
KAR X DUS 22-09-2015;1;1;-5;-20;21;20;7;-20;-31;-19;-7;1;-3;1;22.0;23;14;69;46;96;18;7;1;-3;2.0;7;9;7;61;37.0;18;17.0;16;1;7;-29;-12;-36;-15;-2;;2;40;26;-101;6;-66;-34;-28;-12;-11;-9;-6;-53;-37;-16;-30;-4;105;59;35;25;74;41;-46;-17;-55;-14;-47;-100;-62;-36;-12;41;21;23;9;-5;-8;76;49;24;15;10;1;1;1;1;6;6;-10;-5.0
SAN X MUN 22-09-2015;6;25;19;58;41;18;12;13;66;60;42;13;24;13;8.0;-6;-2;-6;-39;-54;-37;-22;9;-8;-7.0;5;1;-7;-5;-9.0;-7;24.0;10;37;4;6;7;1;-2;-6;-70.0;-2;8;21;5;28;5;-3;8;45;30;20;11;10;2;-6;38;-8;-15;-15;-4;-2;-1;-20;-2;-2;-37;23;-17;-4;15;5;40;22;32;12;6;5;10;37;24;19;10;25;-21;-5;-3;-6;5;40;5;-30.0
STP X HEI 23-09-2015;1;4;2;1;10;36;22;-50;-16;-10;-12;1;-7;1;-5.0;6;2;-5;-1;1;-5;-2;1;10;24.0;9;10;6;77;54.0;32;18.0;21;1;21;12;12;7;3;-6;-50.0;35;21;18;11;1;7;2;2;-15;-2;1;6;3;9;5;1;4;7;-5;1;1;21;7;20;18;21;25;11;3;1;-5;6;-5;-6;-3;21;61;15;37;22;-30;-25;-18;-15;-23;-51;-29;-17;14;-4;25.0
FSV X UNB 23-09-2015;11;33;23;21;14;9;4;-4;2;7;4;12;3;-64;-55.0;-52;-34;-26;-16;-54;-36;-17;8;-10;-6.0;-1;-6;-4;-3;-5.0;-6;-1.0;2;-19;-74;-36;-19;-9;47;36;25.0;2;-1;-6;-43;21;-86;-46;-28;75;37;100;64;33;8;34;12;14;3;-21;-15;-6;5;30;19;-16;-2;15;-32;-41;-25;-14;-8;-8;-77;-45;-46;-27;8;-5;-50;-32;-12;-46;-37;-48;-37;-22;-14;10;-7;85.0
DUI X EBR 23-09-2015;5;-10;-15;-11;-81;-48;-18;-10;46;24;4;-6;2;41;51.0;31;23;-16;5;-2;30;20;-1;12;-11.0;-2;20;8;29;12.0;6;6.0;-6;-6;-23;-34;-21;-8;10;-6;10.0;-4;-13;-8;-5;-24;-3;-27;-22;-14;-85;-81;-43;-16;-11;-42;-20;-19;-18;-12;-9;4;4;1;-2;-76;-47;-46;29;-2;29;20;-97;-53;-33;-43;-27;-85;-27;-47;-29;-17;-36;-16;30;10;5;-66;-36;-20;-24;
FUR X SCP 23-09-2015;1;1;1;-5;-1;6;3;2;-5;1;-10;25;-10;-55;-37.0;41;32;95;65;47;28;56;20;24;5.0;-24;-51;-72;-41;-22.0;-80;-38.0;27;13;-19;-7;11;7;44;-19;-50.0;-9;-5;-3;6;8;3;2;1;1;1;-10;6;-5;-12;-7;5;81;75;20;52;31;7;-30;-14;31;11;2;7;-60;-51;-37;-22;-8;31;29;17;10;1;81;56;32;14;-50;-54;-28;-21;-1;-25;1;-10;
RBL X SCF 24-09-2015;-1;-5;31;-55;-25;-19;-16;-11;41;-60;-20;-1;-6;6;31.0;27;100;93;86;50;25;8;-1;-79;-46.0;-26;-14;-12;12;11.0;13;8.0;26;-5;21;8;5;9;55;33;5.0;7;4;33;21;-3;63;78;67;46;35;20;6;5;-37;-47;-32;-40;-21;39;20;57;38;25;20;44;26;-23;18;13;10;11;4;5;6;16;12;10;-18;34;53;42;26;47;27;5;4;8;24;-9;-4;10.0
NUR X ARM 25-09-2015;1;-3;3;3;4;-3;3;43;27;18;13;31;10;5;-8.0;3;8;26;17;18;43;33;19;21;15.0;11;7;6;11;14.0;11;-38.0;-35;12;48;17;18;11;11;-18;30.0;3;-3;-100;-81;-74;-49;-15;-4;19;17;-26;-5;5;5;1;-33;11;51;39;32;23;12;8;8;-6;23;-19;16;12;9;9;-27;-5;38;-22;-3;3;-9;4;8;14;100;81;50;32;26;-37;78;-3;-42;20.0
DUS X SAN 25-09-2015;6;9;8;6;-6;-42;-31;20;-1;-5;6;38;4;-5;-5.0;6;46;28;18;11;-50;-27;28;-5;-2.0;-5;-40;-17;31;7.0;-7;-12.0;-9;26;7;-3;-29;-4;32;2;-5.0;-4;-6;-9;-6;12;-79;-27;-11;-7;30;9;3;91;58;27;8;16;14;-3;3;-3;3;37;69;43;27;9;18;10;14;10;28;18;13;9;32;20;7;23;-68;-34;-50;-32;-48;33;42;19;14;11;7;-20.0
BOC X KAI 25-09-2015;31;-30;-15;-4;6;1;8;-5;-4;6;1;23;6;4;8.0;4;8;-75;-35;-15;-13;31;14;-75;-27.0;-15;31;71;43;31.0;14;12.0;3;8;-5;1;1;-5;6;8;;10;7;-5;-3;5;-5;-46;-25;-17;28;12;12;-28;38;-28;1;-12;-5;-3;-3;-58;-31;-97;-36;-35;-21;5;-21;-6;36;95;57;36;22;16;45;12;8;8;-19;-7;-16;-12;21;5;4;4;3;5;11;25.0
UNB X DUI 26-09-2015;1;1;1;21;12;13;8;5;1;-5;11;5;4;-50;-38.0;-52;-36;-21;-54;-26;-8;-4;3;-2;96.0;57;28;47;33;12.0;7;-5.0;6;2;-5;-2;6;2;1;11;55.0;1;-5;-31;-17;76;31;12;-40;-65;-63;-34;-19;-78;-42;-27;46;-16;-58;-29;-16;41;29;21;13;48;31;27;13;8;10;-5;1;5;23;9;6;8;11;5;12;7;5;-5;-70;-42;36;11;47;7;53;-5.0
SCP X STP 26-09-2015;-6;-31;-13;-3;-32;-19;-9;-6;5;2;-6;-3;-42;-55;-38.0;-23;-18;-4;-1;-5;-9;-5;-7;5;-1.0;-6;-8;-5;-84;-46.0;-27;-16.0;30;-65;16;-21;-7;30;16;9;;6;-5;-41;36;-84;1;1;2;24;57;40;14;4;-5;-4;-50;-2;1;-5;-1;-5;-2;1;1;10;1;-25;30;67;30;16;10;3;5;2;1;50;-14;29;12;12;36;18;10;6;3;-25;-15;-4;-1;-50.0
HEI X KAR 27-09-2015;-1;77;45;28;21;5;-8;-5;-4;5;-1;-1;4;2;-5.0;-2;6;-5;-6;-33;-24;-15;-1;36;16.0;-45;-24;-14;-6;-3.0;-5;-1.0;1;-1;1;21;18;11;12;17;15.0;1;6;-3;-3;10;-4;-25;-18;-13;-5;-5;-9;-13;28;8;-6;-8;-3;8;-3;-18;-8;-12;-15;-11;-3;-36;-49;-36;-34;-27;-24;-38;-30;-24;-16;-5;-22;-2;-7;4;-2;-12;-8;-5;-19;-12;-8;20;-2;-80.0
MUN X RBL 27-09-2015;-6;9;-6;5;-7;-4;-3;-1;-6;-3;-2;-3;-31;-19;-6.0;-4;-7;-7;5;-6;-4;-8;-2;5;-1.0;-1;-1;60;33;19.0;-21;-1.0;-6;-1;-4;5;10;8;3;-68;0.0;3;9;28;19;-6;19;14;15;10;11;2;-5;-1;6;2;-8;2;2;7;-10;-2;-5;91;52;-75;-24;-80;-28;-23;-18;-34;-14;-12;-11;-5;76;44;75;27;22;14;3;2;2;-20;-10;-11;-6;15;6;25.0
SCF X FSV 27-09-2015;1;1;1;1;1;2;2;2;32;14;14;1;14;14;7.0;5;13;8;6;-4;2;7;1;9;46.0;59;41;25;15;52.0;35;21.0;88;-5;23;-44;-13;-7;17;2;10.0;6;10;7;-4;6;75;44;26;10;11;1;6;8;35;21;2;12;12;7;2;1;-5;-32;-59;-34;-24;7;-18;-7;1;71;42;21;-40;-34;41;14;4;49;53;33;-25;41;89;82;19;34;28;-5;2;-5.0
EBR X FUR 28-09-2015;-1;-44;-28;-18;-17;-86;-45;-28;-19;-65;-33;35;30;6;;38;27;21;-45;-40;-26;-15;24;-9;;35;25;35;21;;17;;-10;8;10;3;7;3;-5;-11;-35.0;-1;45;30;47;9;22;17;1;9;2;-6;10;3;5;2;4;41;23;13;16;4;5;-11;-5;-4;-8;-6;30;19;30;12;-51;-28;35;17;15;7;-9;8;1;-1;-1;5;-6;-8;9;1;-7;-12;-14;-50.0
KAI X DUS 02-10-2015;-5;-2;-23;74;33;13;16;9;3;-2;4;-2;-7;-4;-49.0;-55;-29;24;2;-27;-17;-52;-5;-39;-44.0;-41;-25;-13;-9;-32.0;42;15.0;15;-2;16;13;6;5;24;7;5.0;37;45;25;-47;-6;-25;-19;-19;-8;74;41;18;15;7;-8;6;-6;-5;3;-37;-23;-56;-35;-23;-13;-29;-7;-6;28;12;5;2;-23;28;1;38;26;4;15;9;-8;18;6;1;-2;-2;-8;-10;-2;-2;85.0
ARM X MUN 02-10-2015;-1;-48;-29;-18;-11;4;-2;54;31;-42;29;4;48;23;20.0;17;9;9;12;8;-39;-18;1;37;16.0;11;11;8;9;7.0;5;1.0;-3;-2;93;46;25;8;42;16;;2;-3;3;43;4;-26;-6;25;7;36;8;-11;-9;-10;35;-7;16;-11;-6;-7;-2;-6;-18;-50;-39;25;-8;-6;-6;55;32;12;2;-6;-11;25;1;-6;-33;-40;-25;-14;-10;-5;-8;-7;-6;-1;-79;28;35.0
FSV X HEI 02-10-2015;5;-23;-19;-1;-1;-76;-48;-28;-12;-7;-11;8;-10;-11;-7.0;-9;-79;-72;-32;20;-1;45;10;28;21.0;6;-31;-13;-3;-7.0;5;7.0;-6;11;-74;-27;-15;-3;7;14;-40.0;-4;-6;-1;-2;7;-4;-4;-4;-30;-20;-14;38;15;8;-8;4;-3;-2;-3;18;12;5;-78;-46;-41;-29;7;-22;-12;-12;-6;-8;-50;-39;-33;-24;-19;4;-13;-7;10;-6;-40;-18;-16;-25;-16;-8;-35;-6;-40.0
STP X SAN 03-10-2015;-1;-37;-18;-17;-11;-9;-2;-2;-8;-1;-2;-1;-8;9;5.0;6;-7;1;1;11;12;13;-3;4;-34.0;-13;-7;16;17;24.0;19;17.0;15;19;8;4;32;19;1;1;30.0;1;5;23;64;2;43;26;13;20;-12;14;-7;-12;-19;24;-77;-7;-2;-2;-7;-12;-13;-14;-19;-17;-16;-46;-16;-55;-38;-29;-18;129;62;30;-82;-8;-100;-16;-15;-47;-16;-6;66;43;24;9;36;-60;17;-75.0
FUR X BOC 03-10-2015;-4;-1;-3;15;7;10;5;8;8;5;2;-25;6;3;46.0;27;-76;-40;-19;-14;-8;6;-100;4;2.0;-75;-42;-25;-9;-5.0;72;48.0;69;-45;46;27;-35;-18;-18;-23;;-16;-9;-7;-6;-22;-10;-37;-24;-46;-19;-88;-54;-76;-47;-33;40;-28;-21;-13;-17;41;-35;-19;-6;30;12;22;9;5;2;-35;40;10;-41;-85;-78;-50;20;-25;-22;-13;-6;-4;5;21;12;6;-21;-21;-11;-75.0
EBR X UNB 04-10-2015;1;8;-5;-10;-5;-7;-19;81;42;25;16;1;11;-5;-1.0;26;10;6;4;-80;-51;-29;1;-16;-13.0;-6;-2;2;22;13.0;9;-19.0;-1;1;-1;2;7;11;7;5;;4;-6;-52;-36;1;-17;-10;10;5;-6;-36;-27;-20;-45;-29;1;-19;-9;-9;-2;2;-49;-33;-18;-4;7;1;6;5;-4;-5;-2;2;2;6;5;4;6;78;47;23;15;9;1;1;7;-4;20;4;1;35.0
KAR X SCF 04-10-2015;5;25;12;4;-11;-7;-19;-6;5;10;5;-6;9;10;5.0;2;1;-1;5;72;43;60;5;36;90.0;48;23;-31;-10;-11.0;-2;5.0;14;1;13;48;23;13;-16;-5;;-41;-25;-15;-29;20;-28;-20;-13;-18;-15;-4;-3;4;1;-22;46;-43;54;14;10;10;11;10;43;28;24;62;11;13;67;42;57;31;20;5;8;3;41;-5;6;-5;-5;-2;11;66;55;34;21;54;-95;75.0
RBL X NUR 04-10-2015;-1;41;100;62;43;22;13;79;48;24;21;-6;9;7;5.0;4;3;9;1;2;-9;-2;-4;22;43.0;27;13;9;5;2.0;72;45.0;23;16;10;52;57;30;20;20;;10;6;11;14;4;10;8;17;52;82;56;30;14;5;5;5;1;-6;-77;-11;-2;50;24;39;15;28;5;18;6;11;7;7;4;-81;-41;-25;-50;80;-60;40;-41;-14;-4;-4;42;15;9;26;49;17;0.0
DUI X SCP 05-10-2015;1;-24;-12;-4;-2;-51;-29;-22;-43;-25;-11;-4;-6;-3;20.0;12;62;37;22;-25;-7;-3;-11;-46;-2.0;1;1;25;19;15.0;-30;-11.0;-13;-10;21;12;10;6;29;11;-5.0;1;-2;-7;-6;-50;9;6;2;-22;-8;-12;-14;-14;39;61;-43;65;37;56;29;12;8;-42;-25;-21;-19;-59;-53;-40;-55;-34;39;32;14;9;9;2;-33;-1;74;42;34;14;2;4;4;5;12;-23;7;5.0
DUS X ARM 16-10-2015;-10;-1;-6;-2;1;1;26;16;9;6;4;-6;6;4;42.0;-40;-27;76;40;26;39;-35;-3;-10;61.0;26;15;7;-50;-25.0;-13;-7.0;-3;-2;7;10;6;-5;-4;-5;-20.0;-1;5;1;-36;-6;-25;-10;-77;-56;-31;-18;-11;-2;-31;-18;-3;-11;-5;-22;-15;-8;6;1;8;16;20;-7;52;32;-30;41;25;12;-20;-33;-22;-12;-10;-11;-4;-24;-8;-7;-6;18;67;42;23;-1;-3;-25.0
SCP X EBR 16-10-2015;1;30;19;9;6;9;1;6;-10;76;48;1;30;22;100.0;67;44;20;-41;-55;-28;-22;20;-13;-5.0;5;1;6;3;3.0;3;-9.0;-6;-40;7;-4;-4;32;24;11;20.0;2;2;2;2;-15;-29;-15;-12;-56;-32;-16;-3;7;37;-29;-18;7;1;1;-5;-39;-22;-12;-16;-8;2;106;2;41;26;16;5;3;6;-5;6;9;55;-30;21;79;47;18;14;2;-28;-46;46;41;6;-5.0
SAN X KAI 16-10-2015;-1;-30;-25;-15;29;14;7;13;7;6;7;4;8;3;20.0;100;63;30;-37;-13;-30;-64;1;-39;-22.0;-19;-11;4;-12;-2.0;-42;39.0;100;-2;19;10;2;-7;-22;-11;-5.0;4;3;-5;1;-11;1;-10;-9;-69;-50;-34;-13;-11;-11;-10;9;-9;-5;-11;-15;-12;-54;-34;-21;-34;-12;-2;28;17;13;7;-12;-8;-7;13;3;-2;-2;-27;-17;-8;-36;-28;-17;-32;-21;-12;-8;-51;-2;-35.0
NUR X FSV 17-10-2015;21;5;1;35;16;8;4;1;-3;-8;4;13;-1;-7;-5.0;-30;-16;23;40;31;27;23;9;19;16.0;46;30;15;7;41.0;20;10.0;-7;-7;-1;49;24;11;8;21;-5.0;2;-4;-10;-9;-6;37;-25;-22;16;28;14;1;80;39;4;-6;-42;-14;-16;-35;-21;29;3;-7;-42;29;-10;-2;22;53;6;100;67;59;33;23;2;39;-4;-27;-20;-41;-23;22;12;-9;5;2;18;5;-40.0
UNB X STP 17-10-2015;6;8;5;-4;2;16;-39;-11;-5;42;22;4;7;-19;-7.0;-81;-17;27;7;10;13;-14;-4;-10;-4.0;42;23;16;11;7.0;-44;-23.0;-7;2;-8;-43;-21;77;38;19;;90;55;-39;-7;6;-10;-17;-16;-12;-83;-45;-2;-11;-7;5;9;-36;-17;-10;-12;-8;-18;-7;45;73;47;6;58;33;-96;-51;-21;-11;40;30;48;58;5;64;41;34;13;11;4;2;-5;81;6;4;-20;85.0
HEI X DUI 18-10-2015;1;33;40;45;71;3;-5;6;1;-2;2;1;27;46;28.0;-40;-12;31;11;2;-30;-13;1;31;7.0;4;5;3;-20;-41.0;-54;-32.0;-23;6;-12;6;2;1;-5;-51;-10.0;-5;-34;-52;-27;4;-18;-16;-4;-1;-2;-3;39;-52;-59;-91;3;-56;-47;-26;-14;-5;19;3;-32;-14;-9;2;-13;-14;-12;-13;-7;-14;-28;30;3;1;77;41;26;13;37;97;64;38;17;8;10;46;4;-35.0
SCF X FUR 18-10-2015;-1;36;22;7;7;3;2;-5;1;61;36;-5;47;24;10.0;-35;-18;16;3;-50;-23;-12;6;52;32.0;-39;-7;7;22;68.0;75;41.0;31;2;18;8;4;22;12;31;75.0;-6;-3;-2;-7;-5;-9;40;19;-36;-59;-30;78;36;26;31;1;96;100;83;47;59;32;-73;-33;28;14;21;11;19;13;13;9;83;56;-43;-3;93;47;55;39;29;19;12;9;6;5;-74;-46;59;37;-40.0
BOC X RBL 18-10-2015;21;-94;-57;-33;-18;37;-29;-1;-4;32;10;12;5;-34;-11.0;-2;32;39;57;30;19;10;2;11;26.0;12;13;9;1;2.0;2;-19.0;-8;-40;-8;-23;-12;-84;-13;-1;10.0;32;15;10;8;-27;3;4;5;1;3;-12;-7;-6;4;4;-17;5;26;39;51;33;-72;-29;-10;-5;19;-4;17;18;13;11;9;9;-16;-2;4;34;-2;19;26;14;12;13;12;5;7;-46;-21;3;-9;60.0
MUN X KAR 19-10-2015;6;44;25;14;12;6;-2;14;27;9;9;2;-17;-8;-7.0;24;20;12;1;-7;4;-2;-12;-2;-2.0;-2;-78;-48;-25;29.0;11;11.0;10;-1;34;21;6;2;69;37;;20;-21;-9;-15;-7;-4;5;12;7;55;52;90;53;26;-21;-55;-6;-8;45;29;23;43;66;40;23;8;-34;-6;-4;-3;10;-36;35;9;15;8;12;-15;4;7;33;59;44;31;17;13;-26;-17;-10;1;-5.0
FSV X BOC 23-10-2015;1;-18;-9;-8;9;41;-57;29;5;1;-2;4;1;-7;-5.0;-44;-100;-56;-29;-18;-9;48;1;27;9.0;4;1;-4;-23;-55.0;39;32.0;77;29;46;34;60;32;23;12;0.0;-2;4;7;50;-22;80;69;100;91;46;29;17;66;38;-40;-33;-19;-5;-46;-66;-40;-42;-24;11;78;52;-60;53;100;81;33;20;-25;-10;-12;-6;-24;-57;-18;-6;-8;-5;35;-31;20;82;43;18;-32;-1;10.0
RBL X DUS 23-10-2015;1;51;29;48;23;14;-5;1;41;18;6;1;9;15;1.0;1;1;6;3;2;1;1;6;1;1.0;1;11;13;13;9.0;31;18.0;11;4;12;100;78;22;9;22;95.0;13;49;35;27;7;5;9;8;-44;-22;-11;-1;37;25;15;-10;5;3;2;31;14;85;51;36;40;40;-7;19;7;5;-4;-1;-19;-90;-53;-25;-34;6;-18;-9;-9;-5;-5;-2;1;-4;11;36;-5;1;10.0
FUR X MUN 23-10-2015;1;16;13;7;43;22;13;8;-5;-2;-1;-1;6;-30;-15.0;41;23;8;2;1;-6;41;-1;21;-40.0;-20;-11;-4;-2;1.0;-10;-3.0;-20;5;-10;-4;2;2;8;51;-5.0;-4;2;77;42;36;26;26;10;1;1;70;41;45;26;16;25;24;4;1;31;28;-35;31;11;4;-25;14;-5;6;1;1;2;5;3;2;-20;-10;7;41;19;11;-59;-28;-18;-4;-6;-4;2;33;2;0.0
UNB X SCP 24-10-2015;-1;20;46;27;30;17;13;4;-41;-24;-14;15;-9;30;-21.0;-2;-2;-1;20;-31;-4;32;-76;19;12.0;16;41;24;16;-24.0;-6;7.0;2;-35;8;3;63;64;40;-31;35.0;5;2;-1;-11;-41;-36;-17;-46;-22;-18;-9;82;78;47;29;-100;48;24;-39;-19;-5;-44;-30;-14;-2;7;-61;6;10;6;3;100;67;9;6;9;-2;-26;-1;1;6;-25;-17;-49;-29;-17;-8;6;-16;53;40.0
KAR X KAI 24-10-2015;-1;10;-49;-18;22;56;29;17;1;2;-2;-1;2;6;11.0;2;-24;-11;-11;7;2;-4;-9;2;11.0;48;29;18;51;25.0;12;2.0;12;-9;4;23;39;24;14;8;75.0;1;25;15;89;-4;63;48;57;39;-30;21;12;10;1;3;-16;5;38;27;22;54;33;-29;47;24;12;-3;8;8;7;5;9;11;23;14;9;6;12;4;3;-3;2;27;18;12;-28;-15;-4;7;2;0.0
DUI X NUR 24-10-2015;-6;15;8;-42;-22;-31;-14;-9;-43;-27;-16;-43;-10;-7;-7.0;6;-5;-1;6;8;5;54;-30;32;19.0;11;7;46;-30;1.0;1;-5.0;-5;-24;6;-30;-25;-44;-25;-10;25.0;6;4;-4;-39;-15;-17;-14;-2;-70;-47;-27;-10;12;3;9;-15;-14;-9;-5;7;27;53;33;55;22;11;-2;4;27;14;4;-5;-1;-2;-1;-5;-2;-1;-16;-4;-22;-12;-7;-3;-7;-2;-1;6;29;-35;25.0
ARM X SAN 25-10-2015;-1;10;-40;-20;-13;-7;-9;-2;6;2;47;36;24;14;14.0;3;1;1;-50;-18;-5;-2;10;1;48.0;28;17;10;27;13.0;8;5.0;3;6;-10;36;33;20;7;5;;-5;6;2;7;-5;10;47;33;40;69;66;100;61;35;13;1;-20;-16;-43;-25;-13;-10;6;3;-40;-21;6;-11;-11;-5;6;4;2;-5;6;2;2;21;6;-10;-2;-1;6;8;6;4;-65;-41;8;-5;-25.0
EBR X HEI 25-10-2015;-1;-10;-6;-9;-11;29;12;11;-52;-31;-51;20;-31;-20;-4.0;2;-4;-9;42;72;74;45;11;29;15.0;11;1;-4;2;2.0;1;2.0;3;6;-4;2;16;11;27;58;0.0;2;2;2;-4;3;29;25;18;15;3;14;61;45;35;25;2;14;4;32;18;26;15;9;23;19;15;-6;-20;-5;-64;-8;-15;11;41;100;65;39;-9;18;3;-62;-42;-24;-43;-24;31;13;3;-6;21;55.0
STP X SCF 25-10-2015;1;-6;-8;-10;-7;4;4;4;-4;32;15;-25;10;2;-4.0;-7;31;11;42;26;11;-5;-20;5;1.0;6;-30;31;9;5.0;3;4.0;1;-13;-4;-5;-11;-35;-59;-38;;-21;-10;-7;2;24;-4;32;8;2;-4;-4;-8;-8;-8;42;2;18;19;19;14;13;9;11;38;53;38;1;58;55;67;33;20;15;4;2;7;25;-1;35;22;4;-4;-6;-6;-49;-24;-5;29;-1;14;35.0
KAI X ARM 30-10-2015;1;2;7;4;3;43;-39;-2;2;7;6;41;12;8;40.0;100;98;58;35;-40;-27;-20;25;-11;-1.0;-5;-25;-9;-9;6.0;-4;1.0;1;11;1;1;1;1;1;-5;;-1;2;1;22;47;25;21;14;59;45;22;-14;-73;-66;-68;29;-44;-23;-7;-6;-30;-16;-18;-15;-7;-6;15;6;2;2;2;2;2;-24;-12;-1;-4;10;-2;-9;-14;-47;-100;-64;-31;-22;-9;1;2;-9;-5.0
DUS X FUR 30-10-2015;-15;4;3;7;7;5;33;-35;-8;21;9;-8;-5;-25;-23.0;-9;-10;-6;45;31;18;11;6;1;-2.0;40;27;46;33;24.0;11;6.0;-35;5;-25;-20;-12;-7;-6;-3;;-1;1;-4;6;3;8;5;54;33;25;20;12;4;-30;-65;-5;-28;31;9;3;11;36;20;32;39;23;1;17;10;45;30;38;22;14;10;66;100;36;67;45;27;2;-33;-14;-8;-9;-9;31;15;75;50.0
BOC X STP 30-10-2015;1;-79;-46;97;38;23;20;8;7;18;7;-5;10;7;-5.0;-5;-2;6;2;2;7;25;41;20;62.0;-40;-1;-31;-18;31.0;-20;-23.0;-21;18;-12;-38;41;13;14;1;0.0;1;7;5;5;7;-39;-19;-15;12;7;9;17;12;-29;22;5;1;2;2;-4;-4;-45;-30;-16;-42;-18;-39;7;-3;7;7;30;100;73;44;8;64;-27;32;25;51;62;28;13;-24;-71;-43;-24;-10;7;-15.0
HEI X UNB 31-10-2015;5;-17;-11;-12;-3;30;20;6;-31;35;3;2;-31;-16;-7.0;-7;-9;-3;-7;-99;-59;-30;-1;-18;20.0;42;44;26;15;12.0;4;1.0;-6;-1;-2;-2;-1;5;-6;-31;35.0;11;36;22;18;-1;61;41;32;14;8;1;6;33;20;12;5;-75;-39;-24;36;13;-30;-8;-54;-33;-19;1;-8;-14;-3;-1;1;1;2;2;-40;-16;-61;-8;16;12;16;15;9;5;-45;-18;-10;-36;-5;5.0
SCP X FSV 31-10-2015;1;4;3;2;-15;-12;-6;6;1;-5;-6;-5;-3;30;16.0;14;9;-6;-2;30;16;39;-41;24;-26.0;70;36;14;3;-6.0;-5;-23.0;-38;-24;-22;-13;-2;5;4;-6;0.0;40;16;10;10;-13;10;2;1;-1;-1;-1;-6;-4;30;9;-7;10;10;30;15;38;21;-36;-26;-46;-30;6;-18;10;-6;-1;5;-6;-3;5;-1;-1;9;-1;-1;20;100;66;-41;-1;-2;-28;-92;6;-1;30.0
MUN X DUI 01-11-2015;-1;64;42;16;8;44;21;-41;-7;-5;-11;-1;-47;-25;-15.0;-4;-2;1;5;-6;-6;30;5;15;3.0;2;6;1;-1;-1.0;5;32.0;19;1;16;4;2;30;17;5;5.0;-3;3;4;3;-1;-30;31;39;24;65;46;-50;-15;-8;41;-1;19;56;34;16;67;50;28;62;48;20;40;12;47;36;-30;-3;26;46;33;23;15;31;-39;-19;-5;-37;-25;-40;32;-14;-1;2;18;-49;75.0
SCF X EBR 01-11-2015;1;25;17;7;-3;12;7;76;42;27;-28;2;-5;-6;-1.0;-39;-19;-9;-3;-59;-35;-48;3;-26;-18.0;-49;-26;-16;-7;28.0;19;43.0;100;4;68;46;49;24;16;11;-5.0;8;2;40;27;9;14;11;5;-37;-18;-17;-12;-43;-24;-11;7;44;40;-77;-26;-17;-15;-7;9;6;-4;1;-29;-11;36;62;48;27;21;-24;-10;-16;7;-8;6;-4;1;1;100;100;84;56;39;6;6;35.0
SAN X RBL 01-11-2015;-1;-5;-5;-12;-2;-1;6;-60;-37;-17;-10;-29;-2;2;1.0;-1;5;1;5;2;76;44;21;25;14.0;-86;-56;-34;-25;-55.0;-67;-45.0;-32;2;-24;-17;-7;5;-26;-10;;-11;-13;-10;-10;-30;-13;-9;-6;4;-2;-2;-3;-3;4;-42;-21;-56;-35;-22;-5;-1;24;12;95;54;25;-10;16;8;-8;-6;-25;-92;-51;-26;-27;-11;-2;-3;9;1;39;21;6;-32;-18;19;40;6;-47;-30.0
NUR X KAR 02-11-2015;1;1;1;5;43;65;4;-20;21;2;21;1;8;1;1.0;1;6;-4;2;31;19;12;5;33;15.0;38;18;12;6;45.0;20;-29.0;-8;3;-4;37;-19;42;21;8;;8;-11;-5;-2;-5;-61;-37;-21;-7;-4;-41;-22;-13;-8;-10;-1;5;81;48;23;-31;-9;-81;-53;-40;31;6;10;16;10;2;11;-60;-62;-51;-19;21;2;9;53;33;14;7;9;57;29;18;36;1;36;25.0
FSV X SAN 06-11-2015;1;29;23;-46;-43;-19;-16;-10;5;3;1;-6;-6;-47;-33.0;-14;30;7;-31;-17;-15;-11;-22;-11;-9.0;-4;-11;-66;-38;-51.0;-25;-13.0;11;-13;4;35;16;10;50;1;0.0;5;38;17;15;10;8;4;-26;-14;40;12;2;2;-6;5;-6;-6;-8;-5;5;-1;-6;-2;-31;-19;-11;-1;-2;-1;6;43;-61;-100;-66;-40;-26;-11;5;-40;-18;-86;-51;-25;-7;-34;-15;-3;-2;43;-1;-5.0
KAR X BOC 06-11-2015;-1;5;-46;-26;-21;-13;-33;-12;30;18;15;-31;30;17;-31.0;-19;30;13;7;6;-6;5;-19;-1;-1.0;-6;75;42;55;32.0;29;32.0;14;-12;-76;-46;-23;-15;-8;-11;5.0;-6;75;41;18;-58;-31;-17;-16;-15;-4;-26;-21;-13;25;-41;-35;-17;-11;-7;-7;-2;-7;-5;-33;-21;-18;-19;-16;35;20;11;-46;-22;-11;-7;75;44;-11;25;19;85;44;-41;-13;-4;-8;-5;10;-7;-21;0.0
FUR X ARM 06-11-2015;-1;6;2;31;19;-20;6;1;-1;1;1;-89;20;12;27.0;16;10;-5;-4;6;-5;6;-53;2;21.0;17;16;50;30;12.0;3;2.0;-10;-31;-5;31;17;36;53;42;0.0;1;6;4;3;-18;-5;1;1;-5;-21;26;3;-5;6;5;-10;32;-30;-4;-12;-1;26;21;13;9;6;1;2;27;-30;-6;51;28;65;41;45;23;-5;19;13;-10;-1;6;42;30;19;47;28;-2;14;0.0
UNB X NUR 07-11-2015;1;-9;-1;5;-6;25;12;31;12;7;6;-19;4;80;88.0;82;89;48;42;72;36;23;-18;14;2.0;6;7;-5;11;6.0;-5;-1.0;-5;-16;-6;-6;-5;-6;3;98;0.0;60;-53;-12;13;-15;-6;-16;-8;-7;-7;76;38;28;83;100;-85;79;43;25;6;-36;-21;-86;-51;-29;-14;-20;-7;1;1;-5;-1;-100;-65;-68;-69;-40;-17;-14;-8;-2;-10;66;36;26;20;52;25;-15;-1;15.0
DUI X SCF 07-11-2015;31;-13;-7;-42;-25;-19;-12;-11;-43;-25;-9;18;-10;-5;-4.0;-2;-6;-3;-1;-45;-16;36;-25;15;9.0;9;-5;-12;-11;-6.0;11;4.0;-5;-7;1;-4;76;43;26;-11;0.0;-12;-17;-46;-33;-4;-24;-19;-16;-32;-14;25;39;8;1;-1;-9;-2;-9;-85;-45;-37;-33;-29;-27;-22;35;-25;8;-26;-21;-17;-13;-83;-58;-39;-28;-22;-67;-8;-14;-19;-36;-27;-21;35;3;6;1;-39;-13;10.0
EBR X MUN 08-11-2015;5;-1;9;35;20;11;6;12;5;2;-26;-6;-14;-8;-4.0;-1;1;32;24;50;71;43;-1;29;47.0;46;20;13;8;8.0;4;8.0;6;-1;4;8;5;3;3;31;0.0;19;12;28;32;-1;18;11;7;4;-60;-68;-39;-62;-16;6;5;-90;51;23;8;5;10;3;-15;-6;-3;7;6;-25;-10;-5;-2;56;29;13;3;-15;3;-10;6;11;12;8;30;8;-30;-14;31;1;11;-15.0
RBL X KAI 08-11-2015;-1;-11;-9;7;7;10;27;57;35;20;17;-1;9;8;5.0;3;2;-35;-19;-11;-6;-3;-21;1;21.0;18;11;7;-25;-13.0;-2;-1.0;1;-13;2;-5;-1;1;1;71;5.0;48;31;20;14;-8;45;28;18;12;19;10;8;11;68;42;-25;21;9;-49;-29;42;35;22;18;72;-74;-35;-20;-10;32;6;10;2;2;2;62;38;-20;54;33;21;-29;-20;-3;-5;7;10;13;-12;13;60.0
SCP X HEI 08-11-2015;6;8;7;5;5;5;-3;-7;18;39;60;9;38;35;22.0;83;53;64;34;27;43;-28;6;-6;-6.0;-2;-32;32;10;12.0;33;28.0;91;5;60;36;21;13;-19;-8;;-3;-5;-92;-92;5;-55;-68;-45;-20;-9;-1;36;21;12;17;-4;4;-31;-18;-11;-12;-7;-77;-6;5;1;2;6;9;2;1;-10;31;9;6;38;24;2;7;-40;-20;-9;31;20;15;14;4;1;3;46;-5.0
STP X DUS 09-11-2015;1;-34;-17;-10;76;41;27;21;8;1;-29;1;-17;-10;11.0;78;49;24;19;31;14;14;1;39;69.0;50;30;23;57;51.0;15;10.0;6;5;1;-19;-4;6;-5;1;80.0;1;1;2;2;23;-4;-5;-1;-5;-1;2;31;24;16;30;-40;19;10;6;-4;2;-4;-6;-7;-3;7;-9;79;43;26;21;8;-5;-1;-30;-12;31;-10;15;9;8;-20;-40;-43;76;35;18;8;-6;7;
DUS X DUI 20-11-2015;-2;8;6;7;-4;1;6;9;6;5;14;-13;48;34;1.0;6;4;2;62;33;15;10;-9;-30;-17.0;-14;-12;-6;1;1.0;-5;1.0;1;-27;1;-5;31;23;64;79;;68;39;-29;-1;-48;-22;-18;-5;22;22;36;22;49;28;47;-30;32;20;-44;-44;-27;-15;-8;52;32;25;32;16;10;18;11;7;80;48;-60;-93;-59;9;-50;-100;-61;-30;-26;-19;11;8;6;45;8;6;40.0
SAN X KAR 20-11-2015;1;-2;2;32;66;100;76;51;19;-14;47;-5;22;-49;-14.0;22;25;91;63;39;18;-34;-1;-23;-18.0;-59;-33;-6;-41;-23.0;-13;-36.0;-26;-9;-11;-5;7;5;-4;2;-5.0;-19;-66;-36;29;-29;-7;-1;1;-2;-8;-31;-14;-15;-10;-7;-16;-3;-8;-36;-22;-14;-30;-18;75;38;-76;-3;-70;-52;-32;-14;5;8;10;-11;-33;-11;-31;-7;-45;-26;-14;-8;-30;-14;-28;-16;21;-16;8;5.0
BOC X UNB 20-11-2015;-4;15;5;2;1;76;41;26;56;30;8;-1;6;25;38.0;29;53;33;4;1;1;-5;31;-1;-3.0;-2;5;26;20;6.0;3;-76.0;-85;68;-51;-30;-18;-55;-25;30;;13;7;7;33;46;17;44;-31;5;8;6;4;2;8;32;24;21;15;-18;-42;-19;-4;3;4;-8;-39;65;-21;48;33;23;14;56;37;-58;-18;-3;37;8;8;6;6;-3;8;16;12;9;8;24;6;-40.0
MUN X STP 21-11-2015;-1;-16;4;2;3;-1;-1;5;-31;20;1;5;5;7;1.0;-6;-4;40;-36;-8;-4;5;2;-7;21.0;41;24;54;37;16.0;7;4.0;1;6;1;5;8;5;-5;6;;7;3;-6;-2;-11;5;-1;-1;74;43;24;14;82;42;24;-4;19;10;-1;-6;-9;-11;-7;-5;-8;50;-8;6;38;21;12;-6;40;25;20;6;3;-40;-1;-41;-25;-20;-37;-22;-35;-21;-12;-1;50;5;30.0
ARM X RBL 21-11-2015;1;-2;-2;-1;-1;-1;5;1;-1;30;17;44;9;2;38.0;22;15;15;11;85;12;39;21;19;13.0;-4;-4;-6;-6;-2.0;-21;-7.0;-34;12;-95;-62;-35;-16;-8;-1;;-1;-21;-5;-7;11;-7;7;3;8;11;8;-34;-26;-14;32;6;44;30;19;7;-49;-33;-18;-49;-28;-11;-1;-10;47;22;14;15;5;2;-19;-4;-1;-6;42;30;15;5;-4;-2;1;1;1;-10;-3;-4;0.0
HEI X FUR 22-11-2015;-1;-22;-13;-8;-5;5;1;5;7;3;-6;-5;-2;-2;10.0;13;6;22;17;13;10;5;-9;-7;-4.0;-9;-37;-23;-44;-22.0;-19;-15.0;-15;-25;-3;-3;-8;-5;-9;-2;-35.0;-2;4;4;6;-91;51;34;23;46;30;-37;-19;-3;-1;44;-59;26;17;16;6;76;42;36;22;-14;22;-30;1;2;62;44;26;12;4;2;7;44;-28;28;13;8;4;-4;-2;1;46;27;66;-46;40;5.0
KAI X FSV 22-11-2015;6;-6;-2;2;-24;-12;22;9;11;70;47;8;63;33;-64.0;-24;-19;-13;21;-25;-6;-2;6;1;-1.0;46;28;-75;-38;-22.0;-15;-3.0;4;5;3;7;15;49;25;21;110.0;8;6;-29;-7;4;62;69;48;37;23;10;5;4;3;8;3;1;-29;-9;12;4;9;59;41;14;4;-19;3;-5;12;11;8;30;54;63;18;21;-8;17;13;2;23;9;51;31;20;11;-44;-4;-24;65.0
SCF X SCP 22-11-2015;3;6;-31;20;1;-21;-16;-7;-11;-36;-20;4;-6;75;37.0;19;11;11;61;36;21;12;80;12;22.0;13;17;10;5;31.0;-23;3.0;23;56;16;85;54;30;23;46;;24;17;13;9;36;-16;-3;5;79;51;65;42;29;15;12;19;34;24;18;54;41;-36;-9;-6;-3;5;51;7;3;11;45;60;44;30;21;54;33;19;23;47;30;21;49;31;58;36;23;23;10;15;-70.0
NUR X EBR 23-11-2015;-1;-17;-5;-3;30;-36;-9;-11;-6;-6;-1;-1;-5;-3;5.0;1;1;-1;-6;-18;-10;-26;-1;-35;-20.0;-26;75;36;23;13.0;-41;-23.0;-56;-1;-36;-24;-3;-34;-15;-11;0.0;28;13;45;29;5;15;9;6;2;-75;-37;-21;-17;-9;-29;6;-76;-49;31;31;91;64;39;22;11;2;2;1;-10;-3;6;2;-5;36;21;13;-40;1;-17;-18;-11;-6;95;55;38;17;20;4;-31;-6;-5.0
HEI X SCF 27-11-2015;-5;-1;19;9;79;46;31;6;7;-47;-33;-2;-21;-18;-52.0;-28;-12;-13;-7;1;6;8;-2;5;4.0;2;6;4;8;5.0;-5;-5.0;-2;-7;-16;-29;-36;-95;-56;1;-5.0;1;1;6;24;-5;14;9;5;3;-2;4;-12;-6;4;-6;-4;-5;-8;-31;29;5;1;-12;-5;49;24;4;13;12;6;-2;-11;-8;-6;-5;4;-2;-2;8;4;1;-2;4;-1;-1;4;-6;5;-2;-6;-85.0
FUR X KAI 27-11-2015;-1;53;12;-5;-19;-36;-21;-5;6;8;6;-1;-5;1;6.0;2;-10;-4;-2;31;-25;-9;1;-5;6.0;-1;-40;-22;76;41.0;29;50.0;30;1;12;16;4;-5;-2;-1;;6;5;-18;-5;5;13;38;25;19;-38;-13;38;18;13;13;-5;-18;-5;23;34;22;22;21;11;-74;-40;41;-23;-8;41;82;50;25;10;-4;-3;-6;24;-12;-26;-89;-100;-84;-48;-21;31;20;-74;89;-35;-40.0
EBR X BOC 27-11-2015;2;2;6;28;17;11;7;24;13;8;65;3;59;-60;-100.0;-30;-22;-14;-3;21;10;11;3;57;59.0;14;29;57;5;-5.0;11;-5.0;6;4;3;2;75;40;23;9;-20.0;6;43;20;42;-18;25;9;2;-4;-32;-12;-6;-7;-8;7;22;2;2;-24;-11;-36;-20;-11;-3;-1;7;9;15;-29;-15;-18;-5;22;18;17;12;-19;-5;-37;-21;-12;-1;1;-10;-43;-44;-26;-14;1;-7;-30.0
UNB X ARM 28-11-2015;1;46;43;23;9;51;27;15;9;1;-7;10;-3;6;2.0;7;4;3;-10;-9;-35;-21;6;-12;-7.0;95;56;33;24;59.0;28;11.0;1;9;10;-6;-1;-20;-11;-2;30.0;-1;26;16;10;10;1;-20;-81;-42;-24;36;49;40;29;28;11;44;24;20;42;50;23;19;11;65;57;-30;35;16;10;-60;-40;-58;-29;36;15;9;-13;38;53;19;11;-60;-28;-13;-6;-3;2;-7;-5;-5.0
SCP X MUN 28-11-2015;-6;50;15;16;9;5;-5;-3;75;12;7;-3;4;2;35.0;14;8;4;2;-21;-42;-24;-2;61;26.0;17;12;7;-20;-1.0;-1;1.0;1;-1;1;1;-30;-17;-5;-8;0.0;-5;-7;-3;42;-1;100;100;95;18;69;72;94;-94;-19;27;-5;19;79;-74;-14;-4;-2;-4;14;10;2;-100;7;9;5;-75;-36;-22;-13;31;19;11;-68;7;4;1;35;16;15;4;8;2;-75;-40;-43;50.0
STP X NUR 29-11-2015;1;23;65;37;22;15;15;12;29;-33;-9;3;-6;5;-26.0;-13;-7;-29;-32;-17;51;19;-3;-30;-7.0;7;7;14;11;12.0;7;4.0;7;1;31;16;6;31;-78;-34;;-16;-10;10;10;-5;9;14;12;11;-76;-41;-15;-4;-3;3;6;-6;-12;-8;-10;10;7;4;2;6;43;43;30;67;40;63;34;20;8;9;7;9;48;10;-7;29;10;4;6;8;-4;1;-94;35;-48;-5.0
FSV X DUS 29-11-2015;-1;-17;-9;-9;-5;-2;21;12;8;66;85;5;45;27;-19.0;-80;-55;-26;-14;-6;2;7;12;5;4.0;3;7;45;27;17.0;35;20.0;9;7;5;63;35;-76;-32;-14;;-12;-12;2;2;4;-9;-4;2;7;-4;-29;-15;-28;-6;-2;2;1;-4;-19;-41;-53;-35;47;17;88;56;-4;74;37;23;4;8;-30;-35;-100;-53;-26;-61;-52;-29;-5;-2;-6;16;4;3;2;-30;-30;-21;20.0
DUI X SAN 29-11-2015;-1;88;56;29;17;5;1;-4;22;12;3;2;2;8;14.0;9;1;-4;-6;-3;-31;-22;1;-1;-4.0;-2;1;-40;-73;-47.0;-33;-19.0;46;-24;55;44;21;3;1;-5;0.0;-2;-1;-10;-5;-17;-2;26;9;6;9;10;-5;-60;-55;-22;-49;-13;81;100;69;31;23;8;76;45;2;-28;6;29;12;37;94;61;34;20;5;-21;-5;36;14;3;-50;-25;-17;-4;-1;-5;-5;82;-2;60.0
KAR X RBL 30-11-2015;1;13;7;-6;-1;10;43;5;-26;-18;-41;-1;-8;-3;-5.0;-28;-20;40;15;9;1;-41;-10;40;7.0;4;-31;-33;-23;-9.0;-5;6.0;4;-6;-30;-15;-19;-6;6;3;0.0;1;-20;-6;-3;5;30;15;14;52;35;38;22;17;26;19;-1;4;1;5;-6;-3;5;-1;19;-46;-25;-1;-91;-64;-55;-30;-18;-6;20;15;3;-26;-1;-49;-26;-16;-9;-4;-1;5;2;-1;-1;24;-26;15.0
NUR X SCP 04-12-2015;1;5;2;5;3;-31;-18;-16;40;11;8;1;-21;-9;-9.0;5;-1;-7;-4;-4;-24;-61;-30;-37;-63.0;-9;-15;-7;74;47.0;19;40.0;37;30;15;9;7;2;1;-5;5.0;31;24;15;9;-21;96;56;23;13;-10;-37;-22;-42;-19;-10;-14;46;24;57;33;20;18;11;4;5;1;-9;3;5;6;6;82;51;43;29;90;81;-9;51;32;27;14;9;8;37;22;38;-75;-3;-25;30.0
MUN X FSV 04-12-2015;6;-11;-7;45;23;-26;-6;-4;-11;-12;-10;2;-11;-2;-1.0;20;41;29;17;19;-21;-33;5;40;31.0;17;31;20;28;10.0;-76;-42.0;-20;12;-14;-8;-11;40;19;-1;0.0;-5;7;2;7;6;5;4;8;46;13;18;22;18;-34;22;-6;-4;-30;-17;-6;-4;-1;32;20;-14;7;-1;-4;42;3;4;3;8;3;18;11;6;-7;3;2;1;-5;-2;-1;16;13;3;2;-10;-15;60.0
SAN X FUR 04-12-2015;-5;13;14;8;1;-6;-2;-47;-28;-22;-17;-3;-10;30;10.0;6;9;5;5;3;1;20;5;17;14.0;3;1;-80;-58;-35.0;-16;-11.0;-6;6;9;2;4;1;10;-2;15.0;-6;42;23;20;3;14;30;16;11;-9;-29;-17;77;35;23;52;57;35;17;7;10;9;37;33;51;31;30;20;6;-4;-1;7;4;4;-4;-4;6;57;1;1;-5;-1;-5;-8;-34;-24;-9;6;23;6;40.0
ARM X KAR 05-12-2015;1;28;16;14;2;6;-11;-4;-93;-60;-100;-25;-67;-37;-22.0;-19;-27;-58;-36;29;12;7;-14;35;19.0;-17;-1;-2;4;4.0;-32;-39.0;-3;-8;-7;-9;10;5;11;7;20.0;-1;5;2;9;-10;2;-28;-8;28;14;6;-13;-2;-6;-1;-6;8;12;39;15;6;10;13;22;21;20;-2;8;11;6;3;1;1;-35;76;37;27;75;-35;-13;-13;31;12;80;43;30;26;20;48;6;30.0
SCF X UNB 05-12-2015;1;3;23;10;6;5;-4;2;42;5;4;11;44;47;36.0;64;100;70;46;27;14;8;7;5;78.0;47;28;12;28;31.0;19;17.0;11;45;6;2;-5;-1;1;6;;44;22;54;59;33;37;16;-18;-9;-25;-12;33;18;8;3;16;4;7;-8;3;3;4;-13;7;-39;-1;9;77;42;25;24;14;4;-4;7;4;3;12;3;8;1;6;5;4;-4;2;31;24;5;-4;-25.0
KAI X STP 06-12-2015;-1;18;6;-4;-23;-8;-2;8;11;51;67;-1;52;38;24.0;14;3;3;4;-3;53;28;-100;14;11.0;14;42;27;17;10.0;36;24.0;35;-100;26;16;13;8;24;14;-5.0;6;-40;-20;-11;-61;-11;-9;8;6;46;95;-73;-6;13;5;-32;43;32;22;40;21;-33;38;22;14;86;-7;51;20;13;10;37;64;45;29;19;5;9;2;2;3;53;24;16;11;13;1;-18;36;2;-20.0
RBL X DUI 06-12-2015;2;10;1;5;-1;5;2;41;3;-76;-35;42;-12;-6;9.0;13;15;17;13;11;85;55;31;3;7.0;-5;-4;-2;6;-5.0;1;-5.0;4;100;34;24;23;17;18;12;0.0;-2;6;8;-5;66;1;1;-20;-6;-8;-7;38;19;8;13;21;10;1;3;15;61;38;17;38;20;-12;50;19;39;25;13;-12;-3;-6;-11;-9;18;31;-78;-38;28;1;3;30;92;100;100;79;18;79;35.0
BOC X HEI 06-12-2015;1;14;4;-45;-26;-14;-8;6;9;11;7;1;4;7;9.0;5;-5;1;6;2;1;1;1;-30;-27.0;-95;-100;-78;-43;-30.0;-66;41.0;-35;1;-18;-35;-11;-9;11;-5;;1;79;50;32;6;28;50;22;11;15;16;6;67;83;32;4;27;14;37;30;15;9;7;7;5;-4;8;42;20;42;66;41;17;11;-9;-4;12;25;11;32;26;21;43;31;12;8;5;27;15;21;30.0
DUS X EBR 07-12-2015;-5;3;-1;-1;-20;20;24;14;-21;5;-42;5;-27;-47;-27.0;-12;-5;75;48;23;-21;5;-6;-6;-5.0;-8;5;4;-12;-46.0;-47;-24.0;-16;-52;-39;-21;19;-7;-6;-12;;-8;-7;-25;-20;-31;-44;-29;-25;-17;-8;22;8;-24;-3;-5;30;-8;-7;-11;-20;-10;-9;-44;-29;-30;-21;6;-21;-48;-27;-19;-14;-31;-19;-15;-7;-8;4;-6;-12;-11;-18;-7;-5;39;14;12;10;6;9;-20.0
MUN X HEI 11-12-2015;1;-20;-10;-4;41;29;18;51;36;24;14;10;4;1;1.0;1;6;39;19;12;32;14;11;11;8.0;5;2;12;7;4.0;2;1.0;4;6;2;1;20;7;-81;50;75.0;29;17;10;11;34;-21;-29;-16;-8;-4;-75;-42;-29;-66;-48;-80;-27;-15;-12;-8;-8;-8;6;-30;-15;-7;-45;-3;-36;-13;-7;-23;-38;-14;-2;61;36;-27;24;14;3;-1;-100;-63;-1;1;1;9;-40;50;-30.0
SAN X EBR 11-12-2015;-1;-38;-13;8;-8;38;-33;8;8;1;-6;5;5;1;5.0;13;8;-40;-16;-9;16;10;22;14;73.0;48;53;36;36;22.0;23;22.0;17;13;-10;-4;-12;-42;-69;-74;;-48;-100;-65;-36;-27;-20;-12;-2;5;-11;-51;-31;-4;5;-36;-12;-18;-16;-11;45;48;37;29;24;12;12;-9;-29;-6;-12;-6;-7;-30;-16;32;15;11;-8;10;-79;-43;-18;-9;-8;3;-23;-35;-23;8;-16;-45.0
BOC X SCP 11-12-2015;1;100;62;38;23;4;-1;-45;43;31;17;-4;52;52;25.0;16;17;14;10;9;3;4;-36;9;80.0;42;-41;-9;10;25.0;7;43.0;12;-15;-34;-21;-21;-57;-35;38;0.0;19;18;7;11;-8;-9;12;12;79;48;46;28;23;5;9;-8;11;13;34;72;64;34;21;12;-31;-17;-3;-55;-33;-15;-12;-7;-6;-4;20;39;64;76;39;-45;-12;46;14;24;43;26;8;5;45;-30;105.0
DUS X UNB 12-12-2015;-1;12;9;-5;-1;-74;-43;-25;-9;-4;8;1;10;1;-6.0;-2;5;41;44;46;27;15;1;-31;-50.0;-26;-16;25;41;26.0;65;78.0;49;-5;32;19;-11;-39;-24;20;;7;11;95;67;-6;39;34;45;46;32;25;15;12;36;27;51;36;22;23;-15;11;5;10;7;42;25;28;-74;-33;-18;-11;-5;29;18;12;9;7;52;4;9;2;32;11;-24;-83;-47;-28;22;27;11;5.0
KAR X FUR 12-12-2015;5;-10;-5;-4;-4;3;-3;-3;3;-8;7;-21;18;17;1.0;3;27;21;34;27;17;8;-10;9;14.0;8;-5;-9;-36;-17.0;41;13.0;7;-6;-7;-1;4;4;-2;9;;4;2;2;41;5;24;100;78;87;24;15;-50;-28;71;2;-43;2;5;9;-5;1;-8;-1;18;2;-8;-32;-40;-31;-23;-17;-13;-13;-11;-14;-17;32;-27;9;2;-4;-3;-7;-2;-4;2;-13;-10;-13;-4;-10.0
KAI X DUI 13-12-2015;6;16;15;9;6;12;8;-30;-8;6;-9;43;6;2;-50.0;31;2;11;37;31;17;6;26;33;17.0;45;27;21;10;16.0;2;-5.0;-2;16;6;6;9;6;-5;1;;1;-2;-3;4;10;-7;-34;-22;-9;39;-37;-14;39;-52;-29;6;74;28;22;15;13;-2;-7;4;-6;-6;6;-10;-7;34;16;8;13;6;-2;4;-2;9;-6;4;-1;-8;-35;-20;-2;45;25;-41;26;-31;75.0
NUR X SCF 13-12-2015;-5;-20;6;-5;-2;-36;76;28;32;14;7;-2;1;1;1.0;1;1;16;5;-30;-15;-13;1;-8;6.0;-46;-70;-76;-45;-22.0;-10;45.0;-66;1;-22;-13;30;9;5;-1;-5.0;-1;-5;-33;-19;-5;-11;-2;-1;41;29;17;4;-31;50;17;-1;10;6;10;2;-96;-55;35;-6;5;8;6;9;-6;-1;-1;5;6;4;-31;-16;-10;8;-6;-4;-1;-5;-48;-33;60;63;37;20;20;-6;-85.0
RBL X FSV 13-12-2015;30;34;15;9;3;21;51;36;6;3;5;17;-7;-5;29.0;19;9;4;-47;-34;-52;-30;9;-18;-7.0;-8;6;-5;-6;-43.0;-50;-10.0;-2;10;4;12;12;8;28;4;0.0;4;-12;-6;-4;5;-4;19;4;1;4;11;39;32;23;92;-6;58;75;100;56;31;20;6;78;47;-83;-3;-30;-20;-16;-7;8;7;7;6;26;17;30;12;4;35;21;20;14;47;23;36;19;65;28;75.0
ARM X STP 14-12-2015;1;-48;-27;-15;-26;-59;-31;-17;-9;7;5;1;4;3;2.0;25;19;10;5;42;42;23;-4;13;7.0;30;45;31;17;9.0;-16;-10.0;-2;-5;-2;-2;-21;-13;-34;50;0.0;5;3;-5;1;-2;1;6;3;-5;-5;-22;-33;-14;-2;31;2;9;7;4;3;21;-20;-3;-2;-1;61;2;61;31;13;13;3;15;-10;-5;-2;-1;-29;-1;-10;-5;-3;-1;1;-5;-7;6;1;-15;-5;-50.0
UNB X SAN 18-12-2015;1;4;-5;-30;-74;-6;-3;-1;-30;-6;-6;50;-3;-1;6.0;3;-20;-4;-5;-11;-9;-46;25;-30;-20.0;-24;-17;-29;-20;-9.0;38;51.0;-78;20;-19;-14;-8;18;13;9;-5.0;-3;3;22;10;87;-23;-2;3;13;8;9;7;1;-2;3;52;8;26;13;10;8;36;22;15;9;25;-75;12;7;14;8;3;2;76;44;31;23;-22;9;5;12;7;-5;5;2;0;5;8;31;14;-65.0
STP X KAR 18-12-2015;1;-1;-2;4;-2;-2;-1;-1;24;12;27;-2;15;9;63.0;77;44;100;54;57;31;18;-1;9;-6.0;-16;-15;-4;-3;5.0;-76;-42.0;90;-2;37;21;23;8;-1;5;;1;-22;-13;-4;-2;-4;4;-7;34;51;59;78;100;55;28;4;8;-2;-35;-27;-47;-24;-16;-8;39;20;-2;5;-7;-78;-46;-38;-24;-15;-4;-3;-2;-2;-7;-5;-4;-13;-13;-8;-1;19;15;8;-1;-26;70.0
FSV X ARM 18-12-2015;1;6;4;-4;2;1;21;18;42;26;11;1;46;33;18.0;-19;-42;-27;-15;-12;-9;-1;1;2;1.0;2;-29;-14;-7;7.0;2;-29.0;-43;-19;-24;77;37;26;-28;-13;;-11;-5;-31;-44;-9;-53;-100;-67;43;-8;2;-9;-4;-19;-15;-4;-17;-43;-29;-25;-23;-17;-11;-30;-21;-11;-6;-1;6;10;11;7;4;2;21;12;7;-3;5;38;16;10;1;1;31;57;34;-70;2;-28;-5.0
HEI X NUR 19-12-2015;-1;8;6;3;25;38;17;-116;-32;-16;-12;-1;-22;-10;-8.0;40;50;31;-26;35;-51;-22;-1;-3;40.0;15;33;19;10;-21.0;-9;-7.0;5;25;-1;6;8;5;12;12;-5.0;5;2;-1;-6;43;-54;-33;-25;30;27;59;54;31;15;12;5;3;-76;-50;-35;30;4;17;10;6;1;3;-1;5;-31;25;44;96;51;27;-21;-1;36;-6;-83;-49;-33;-20;-87;-46;-23;-13;-18;19;-45;
FUR X RBL 19-12-2015;1;-5;-1;-5;-8;-9;-29;-17;-4;6;-5;-5;1;5;3.0;2;2;-40;-22;-18;-10;6;-2;-5;11.0;6;-40;-21;-6;6.0;1;-4.0;-9;-1;-18;-14;-7;-7;-57;-36;-30.0;-4;-85;-100;-80;-5;-56;-36;-18;17;-24;-32;-27;-24;-19;-13;6;7;-14;-15;-12;-6;-53;31;1;2;6;1;8;43;26;6;4;3;21;12;7;13;1;27;18;20;11;50;27;15;2;10;42;1;29;45.0
EBR X KAI 20-12-2015;1;40;59;34;15;3;-6;-35;-16;-15;-39;1;-23;-7;5.0;-1;1;-1;-1;-1;-11;-2;-5;75;42.0;59;75;34;14;37.0;15;1.0;7;-42;4;1;16;10;1;-35;35.0;-30;-17;-39;-23;-20;-14;-7;5;1;-6;5;-1;-1;-1;-1;-11;-1;-1;-1;35;14;2;-6;-3;5;-1;-11;4;7;3;1;-1;-21;-88;-43;-26;-6;-6;20;5;-31;-11;-8;30;14;10;30;17;61;7;-5.0
SCF X MUN 20-12-2015;1;-7;-3;7;-4;-29;-16;-8;-24;-19;-40;1;30;2;2.0;1;7;1;-1;-31;-8;-6;6;-34;-20.0;-40;-25;-15;75;34.0;22;12.0;6;35;-1;-6;-9;-66;40;74;;44;44;33;19;26;3;4;9;27;33;17;13;9;6;5;17;5;-3;2;4;4;80;50;52;33;22;16;15;6;4;5;10;13;9;-14;6;41;-29;19;12;9;16;12;8;11;37;2;-4;-13;6;
DUI X BOC 20-12-2015;1;10;-20;-9;-9;6;1;2;2;-5;-6;1;11;4;3.0;2;7;4;8;10;38;15;5;26;-33.0;-12;-17;-12;-10;-6.0;38;18.0;8;8;2;4;3;29;-23;-5;;-2;-31;-60;-33;10;-19;-1;-40;-19;-11;21;12;15;60;37;2;-49;-20;-41;-32;-52;-26;32;12;-19;22;-30;11;-29;-33;22;6;9;9;53;71;43;51;26;11;-4;7;13;48;70;43;26;46;25;24;50.0
SCP X DUS 21-12-2015;20;3;-3;-3;3;8;7;7;7;6;-6;36;-6;-24;-15.0;-14;-8;-10;-5;5;25;14;21;23;18.0;10;-6;-11;-8;-5.0;-9;-5.0;4;14;4;1;-37;-21;-34;-21;;-14;42;22;25;10;21;19;9;46;28;13;25;12;-28;38;-9;6;25;12;11;-8;-13;-11;-8;-27;-22;-6;-29;-19;-18;-11;44;44;32;50;1;-1;-12;-1;-5;-4;7;4;5;5;6;5;25;-4;-3;0.0
KAI X UNB 05-02-2016;-1;1;1;1;1;21;63;33;20;12;-30;-1;31;13;13.0;4;5;6;54;32;35;21;-10;13;5.0;4;2;77;47;8.0;6;4.0;-1;-6;-40;77;32;20;53;-4;0.0;7;-9;-2;37;-23;16;-9;2;52;25;26;77;42;-29;27;-18;13;5;49;83;43;7;-14;-7;-6;-2;-9;2;-9;7;2;7;10;-19;-76;-44;-31;-9;-22;-11;1;1;6;5;-74;-41;-33;-19;-4;1;15.0
SAN X SCP 05-02-2016;-6;49;20;16;4;1;-9;-6;-5;-3;-3;-9;-2;39;10.0;5;22;11;2;-42;-29;-21;49;-10;-8.0;-39;-20;-9;8;3.0;52;28.0;-38;24;-10;8;-5;33;27;-3;-5.0;8;6;-8;18;8;82;16;2;-3;-3;-14;-28;-23;-15;-1;4;-2;-8;-10;-8;-2;3;-8;-4;-4;3;1;-2;-7;-5;-3;-12;-8;-4;-3;-12;-12;-18;-37;-33;-40;-28;-17;-43;-25;-19;-6;10;-7;10;30.0
BOC X SCF 05-02-2016;-41;-22;-18;-7;-4;75;47;27;15;-21;-17;-25;-11;-12;-43.0;-24;-10;25;45;29;11;-41;-11;-22;-16.0;-15;-49;-100;-68;-43.0;-28;-41.0;-20;-7;-5;3;-58;-25;-12;13;30.0;3;-28;-18;-9;-5;-3;3;44;48;30;15;5;52;36;23;-6;21;10;-3;-3;3;3;8;100;32;21;-64;19;8;-5;43;31;20;4;9;-3;-3;-39;8;65;55;35;23;25;17;11;8;11;-44;12;40.0
MUN X NUR 06-02-2016;-6;-58;-35;-26;-13;-7;-1;-6;-8;30;19;-23;10;-11;-2.0;-3;-78;-46;-27;-11;-7;-1;80;39;100.0;59;74;43;22;6.0;2;30.0;10;43;5;2;-11;-38;-18;-11;;-7;-3;-6;-8;85;-4;-2;35;25;15;9;5;-1;5;32;50;-31;-46;-67;-80;-50;-22;-5;5;5;-6;31;-21;-13;-13;-3;-7;-38;-23;35;6;9;-31;12;12;-26;-7;-35;30;84;41;23;31;-31;10;-40.0
DUS X HEI 06-02-2016;1;19;-22;-6;-5;-9;-12;-7;-15;-15;-4;-7;-3;-3;-2.0;4;-2;-2;-1;-2;4;-2;-29;33;13.0;16;8;-37;-22;-14.0;-15;-5.0;4;-18;30;16;9;-32;-17;-43;0.0;-2;0;5;7;-12;19;16;14;-20;-7;-5;10;8;11;11;-13;32;53;31;19;12;1;2;2;1;1;-18;-74;-12;-1;2;6;10;4;-4;2;7;9;4;8;36;22;44;22;13;-29;-52;-37;-1;-21;20.0
KAR X FSV 07-02-2016;-1;-33;-21;-13;-6;-8;5;-1;-5;-8;-30;5;-19;-11;-7.0;5;-6;-2;5;-6;-3;5;52;1;-1.0;-1;-1;5;1;1.0;-5;-7.0;-9;30;-5;6;1;1;1;1;40.0;1;34;14;7;22;-41;-17;-18;-6;-9;-28;-13;-8;-1;-1;22;-6;-34;-21;-13;-14;-83;-48;-9;-6;-4;12;-6;-2;75;46;26;10;10;5;-31;-42;-31;-25;-40;35;2;-6;5;3;-11;-6;5;-21;-31;0.0
RBL X EBR 07-02-2016;-1;7;5;-4;2;21;13;8;11;7;4;2;31;100;63.0;36;40;100;42;29;17;7;1;5;1.0;-1;74;43;94;50.0;29;11.0;6;2;-7;-4;5;-31;20;-1;70.0;9;-37;-64;-39;22;-44;-23;34;20;16;20;60;37;20;20;14;15;9;6;9;11;12;-39;-8;-9;-4;9;21;14;28;18;6;-34;-22;-24;-33;-13;6;-9;6;2;3;12;8;-4;6;4;7;4;25;45.0
FUR X STP 07-02-2016;6;-4;-1;-1;-4;-6;-2;-5;-2;-5;-2;84;-21;-2;1.0;1;1;2;1;1;45;57;56;34;20.0;17;7;7;-20;-73.0;-48;-33.0;-20;39;-10;46;26;21;28;-20;-20.0;-10;-4;52;35;24;33;-24;42;25;36;57;42;28;17;10;25;-9;-37;-21;-86;-59;-38;32;7;11;8;40;6;3;-4;-4;37;21;18;17;12;6;4;4;23;45;23;-29;-2;-1;-1;2;38;3;76;0.0
ARM X DUI 08-02-2016;6;-1;-6;-79;-16;31;13;8;16;3;1;2;10;6;24.0;90;54;32;19;85;50;25;6;15;15.0;59;40;25;10;6.0;-4;-2.0;1;-41;6;4;-5;-30;-17;-4;40.0;1;-1;-1;-5;-22;-3;-7;-4;-7;40;40;24;24;9;2;-9;-41;-28;-13;-12;-2;-6;-22;-13;-37;-33;-5;-24;-17;-15;-11;-36;-20;-11;-6;-13;6;-4;1;41;24;20;46;58;26;21;12;4;-1;-40;15.0
STP X RBL 12-02-2016;5;44;14;6;3;-4;-2;5;2;-6;-42;2;-30;-74;-44.0;-71;-39;-28;-8;-9;11;-20;-6;-13;16.0;-5;6;3;2;-10.0;-10;-66.0;-100;-2;-100;-56;-33;-10;1;2;-20.0;31;22;17;-11;-2;-1;5;4;6;-6;-6;-24;-15;-10;-1;-41;50;29;21;-41;-37;-56;-29;20;3;7;-5;46;11;-21;-14;-39;-26;-15;45;-31;5;5;-1;5;-5;-1;-1;-1;5;22;17;35;75;20;40.0
FSV X FUR 12-02-2016;-1;14;11;-77;-37;-23;-20;-13;-3;-3;-3;-4;-7;-5;-4.0;29;14;-32;-13;-9;19;15;-12;15;-77.0;-45;-34;-22;-19;-36.0;-21;-7.0;-4;-7;-2;-1;5;-6;-41;-24;;-14;15;-31;-12;-4;115;100;58;31;17;-2;-3;-38;-28;-17;-2;-6;-10;-4;39;20;10;5;2;-32;-20;6;-13;-8;-6;-2;-7;-10;-12;-3;19;9;-7;14;8;-6;-2;-7;-10;-7;-4;-3;25;-2;13;-5.0
SCP X KAI 12-02-2016;1;-41;-27;-16;-10;-1;5;-6;-31;40;32;1;13;3;-21.0;-87;-53;-1;1;1;12;12;1;-60;-21.0;-2;-6;-3;2;-80.0;-52;36.0;8;41;-10;3;-5;-3;6;2;;-5;21;11;6;25;5;54;31;19;12;18;3;-74;-41;-24;49;-19;32;83;50;35;22;11;-10;-4;-2;34;41;23;15;14;8;2;41;-25;-74;-44;20;-25;-27;-14;-7;-4;-2;1;31;23;54;-71;32;
HEI X SAN 13-02-2016;1;-11;-35;-21;15;5;3;8;34;14;7;1;24;83;46.0;22;13;5;5;1;-6;-33;1;80;69.0;66;49;36;15;-31.0;-11;10.0;5;1;7;26;14;7;-6;-1;;-2;5;-6;10;1;-11;-3;-3;-1;-7;-4;5;-61;-15;40;16;37;1;-31;-16;-13;-9;5;6;43;80;15;17;4;-6;-5;-22;-6;-4;5;1;1;13;-1;-1;-1;-6;-24;-89;-48;-29;-27;-20;7;-6;-40.0
DUI X KAR 13-02-2016;-1;-2;-32;-20;-13;-4;4;36;50;33;18;-75;9;6;-2.0;4;1;-1;-5;-14;-4;5;-49;-6;5.0;1;-6;-4;-3;30.0;15;3.0;-46;-31;45;-31;-13;40;51;21;;14;3;-26;-38;-24;-27;-66;-39;-16;50;24;-31;-7;-5;10;-21;1;-51;30;5;7;9;13;9;-11;5;-3;39;17;-11;-6;30;16;9;-46;-18;-19;-2;20;33;12;1;-11;10;-1;-1;-5;10;-3;27;-20.0
UNB X MUN 14-02-2016;5;97;22;13;-30;-22;-16;-2;-6;-6;6;2;-5;-7;46.0;25;14;9;-55;-32;-13;-12;1;-7;-60.0;-30;-23;-18;-40;31.0;7;5.0;-5;-6;2;-4;-7;-43;-19;-10;-15.0;1;6;39;100;-2;63;38;-30;-10;-12;16;36;24;35;17;76;10;49;-30;1;-5;6;1;-20;-54;-25;43;-9;-5;-5;21;-20;-3;-1;1;1;-60;31;76;24;15;4;7;1;6;3;98;88;79;53;0.0
EBR X ARM 14-02-2016;1;6;-3;-1;-10;-44;-26;-15;-8;-9;-6;1;6;1;6.0;-30;-43;-25;-14;-13;-5;1;1;1;1.0;6;4;8;5;4.0;27;17.0;40;5;24;15;17;11;10;6;;4;4;4;24;3;16;7;6;25;65;46;34;22;14;6;77;35;-38;-12;-9;-7;-8;4;-2;59;32;41;-42;-15;-40;-30;-20;-10;-18;-10;-65;-38;-30;-37;36;8;60;36;37;20;22;10;11;-2;55;-35.0
SCF X DUS 14-02-2016;1;10;-6;5;-41;-17;61;5;8;13;-35;4;-10;6;1.0;66;43;45;22;-74;62;12;7;7;40.0;25;16;10;37;15.0;15;4.0;8;3;13;14;14;14;44;31;75.0;1;-5;-41;-44;1;-20;-6;-3;16;16;35;11;12;1;-3;-41;-15;-1;8;1;3;5;-3;3;3;9;-24;-68;-34;-23;-6;-7;8;7;6;10;9;-15;12;19;33;51;53;33;31;49;28;16;-9;11;-5.0
NUR X BOC 15-02-2016;1;14;8;5;1;-5;-1;1;-4;-62;-31;1;-18;31;7.0;9;10;11;5;9;-5;1;1;1;-5.0;-2;5;-40;-22;-13.0;40;18.0;-35;-39;-12;20;4;2;14;13;;6;53;32;-42;-26;-15;-15;-14;-4;28;20;16;48;47;29;-10;20;35;11;4;-2;8;2;-77;54;9;-5;3;20;-32;-11;-1;66;100;100;69;46;36;57;23;16;15;13;6;94;61;41;25;22;10;-80.0
STP X FSV 19-02-2016;-6;93;-77;-14;99;66;60;40;22;-22;-27;-33;-15;29;9.0;75;34;23;10;-22;-16;-5;-14;-10;-7.0;-100;-77;-48;-34;-20.0;-43;-65.0;-18;-4;60;29;20;-20;-9;-10;35.0;-5;-2;-1;5;5;3;9;7;5;-94;-52;-24;-8;42;30;6;14;9;6;-24;-6;37;25;16;53;42;10;29;18;27;9;-79;-42;-28;-21;-6;18;5;12;7;4;7;8;-10;-3;20;5;-5;1;20;45.0
RBL X UNB 19-02-2016;1;23;10;-14;32;91;54;33;22;12;-4;-5;2;-4;-22.0;-12;-6;-3;76;40;24;15;-2;14;8.0;1;1;-5;-2;6.0;38;33.0;55;-5;33;60;38;16;7;4;;5;2;6;3;-8;2;-1;-1;75;44;32;40;30;19;8;-13;7;5;5;10;18;13;15;16;41;26;-11;18;7;6;-38;-19;-17;-16;29;7;47;-5;17;4;-7;-42;-22;-11;-5;-1;2;-29;7;-20;
FUR X DUI 19-02-2016;-1;2;40;23;13;1;-21;-35;-1;40;17;-1;11;68;39.0;20;12;7;-30;-18;-10;-6;30;-39;-16.0;-9;7;7;14;20.0;18;4.0;-7;16;4;-32;-21;-33;-15;-11;-5.0;-2;-9;-84;-54;9;-36;-25;-6;5;11;40;37;24;12;8;5;4;9;22;20;14;10;23;89;55;55;7;50;30;-18;52;58;35;22;21;50;34;1;27;22;9;14;14;54;33;22;43;31;5;21;50.0
KAI X HEI 20-02-2016;-1;7;39;19;16;4;-5;-48;-27;-16;-3;-5;-6;6;8.0;50;30;13;8;-20;-21;-7;-3;-3;-1.0;5;-31;-6;15;6.0;3;4.0;1;-2;-1;-5;-3;-2;5;2;-75.0;-1;-20;-12;-7;-1;-7;-8;-41;-100;-72;82;54;36;61;27;1;16;9;11;11;8;16;70;73;44;27;1;17;7;3;7;79;48;29;17;15;-60;1;-32;21;6;3;57;34;24;14;9;7;11;-75;-60.0
KAR X EBR 20-02-2016;1;-2;49;26;14;12;6;-7;-4;4;-2;-30;4;1;-2.0;-76;-46;-29;-23;-10;-1;-2;39;74;42.0;23;-22;24;-11;-12.0;-12;-1.0;-3;-37;-6;-8;-4;5;40;34;20.0;-1;-20;-87;-32;-10;-19;-12;-6;21;15;3;1;-1;-1;-31;-7;-23;-29;-48;30;-46;-25;75;37;14;11;-3;-61;-72;-43;-26;-15;-10;-4;-2;5;1;-6;-6;39;20;20;16;4;34;-26;-5;4;-2;-1;-70.0
MUN X BOC 21-02-2016;-1;-15;-16;-12;-13;-10;-21;-12;-2;-1;-1;-1;20;11;6.0;-31;-11;25;9;5;4;2;-1;-6;50.0;21;12;7;4;95.0;55;-46.0;-7;-5;-1;9;-2;-2;-2;-77;-50.0;-2;-2;-3;-3;-3;4;-22;-9;-4;-31;-17;-7;-23;-73;-10;-10;12;-4;1;-44;-44;-26;-9;42;20;19;-13;17;11;24;15;10;-29;42;20;13;13;-31;11;-19;-39;-24;-15;-84;-4;20;36;21;-20;-1;-30.0
ARM X SCP 21-02-2016;1;10;5;-41;-25;-15;-4;-3;-1;-1;-1;-51;-1;-1;-5.0;-8;-5;-2;1;5;4;-10;-25;-77;-45.0;-26;-15;-12;6;3.0;32;20.0;13;-10;13;8;3;7;-5;-4;;-1;-3;3;3;-6;5;6;6;11;39;26;18;8;12;7;5;2;9;83;52;38;21;12;7;5;-9;8;-12;46;23;4;4;4;21;17;12;8;39;35;20;7;-4;-4;-33;-18;-9;-9;-39;17;-10;-20.0
SAN X SCF 21-02-2016;1;-21;-8;30;17;15;8;-6;30;15;8;-1;9;40;20.0;11;11;5;-1;-6;-53;35;5;5;-6.0;-1;-41;-50;-51;-35.0;-56;-31.0;-17;-6;-9;-10;-4;5;-6;-21;-30.0;-14;-55;-35;-24;-2;-22;-2;-79;-49;-28;-20;-21;-11;16;11;-6;3;48;25;-19;-2;-15;-6;-7;-7;-13;-64;6;-4;-1;-5;5;5;3;7;9;15;-44;8;-52;-29;-19;-64;-100;-23;-15;-15;-7;-36;9;25.0
DUS X NUR 22-02-2016;6;-20;-7;-9;-23;-14;-13;-8;5;-1;-1;3;-31;-18;-12.0;-12;-8;25;2;-1;-41;-4;11;35;27.0;20;14;81;50;28.0;15;8.0;-1;6;-6;-4;-3;5;-3;3;10.0;-3;-7;-1;-7;3;-12;-24;-10;-8;38;18;10;3;-3;33;1;16;67;33;17;-23;-10;-17;-11;-4;-3;-6;-9;-12;-4;-5;3;2;-3;-17;-17;-11;-34;-3;-8;-100;-67;-100;-81;-54;-26;-21;-34;-25;-19;-5.0
UNB X KAR 26-02-2016;-4;2;-2;-7;-5;-4;-8;-5;-33;30;5;2;42;24;21.0;54;42;26;20;14;7;11;2;9;7.0;-73;-33;-22;-16;-49.0;-23;-13.0;-7;-14;6;4;13;3;2;-40;75.0;1;1;-20;-15;-1;-9;-11;-2;-11;-1;-6;-13;-10;-6;-11;-4;-7;34;11;10;4;1;4;-1;-11;-11;-1;-2;-2;-6;-3;-7;5;-30;-23;-44;-26;2;-14;-3;-29;-18;-48;-1;-4;-3;-24;-14;-4;3;10.0
SCP X RBL 26-02-2016;5;-20;-9;-6;35;18;10;5;67;67;64;-6;42;69;66.0;46;30;16;1;-27;-37;-38;-7;-28;-17.0;-9;4;-2;29;16.0;8;3.0;-22;-9;-14;-14;-9;-11;-56;-7;0.0;-4;-4;-2;6;-6;2;7;14;8;4;3;-5;-2;-6;41;-44;15;-11;-46;-32;-100;-78;-71;-39;-23;-36;-21;-26;-74;-74;60;10;6;2;3;20;-11;-8;-1;4;2;4;3;1;50;34;19;16;-25;8;5.0
NUR X FUR 26-02-2016;1;-34;-45;41;6;-10;-6;-6;-11;-1;1;5;1;1;26.0;5;3;-5;6;1;1;9;-5;5;-6.0;-27;-12;-9;9;-6.0;4;1.0;-1;1;39;57;32;13;-36;-25;;-18;-12;-72;-36;1;26;-5;6;32;14;2;-30;-11;-3;26;1;15;51;30;18;9;11;4;27;-40;-43;-74;-25;-15;-5;0;1;1;40;18;6;8;-43;-5;30;21;13;7;79;40;28;21;8;-25;0;-10.0
MUN X DUS 27-02-2016;1;30;17;10;7;-6;-37;-17;-11;-8;4;80;1;-2;-16.0;-5;4;4;1;-2;34;38;52;96;56.0;32;-42;-26;-22;-19.0;-12;-5.0;4;35;-2;-7;-6;-35;-23;14;0.0;-2;1;76;45;20;27;12;7;-5;-2;1;-4;-2;-20;-6;11;-8;-28;-11;-9;6;1;-95;-59;-29;-17;-1;-9;-5;1;6;2;5;3;-76;-39;-23;40;-9;75;41;-36;40;-41;-18;-16;-7;10;27;8;-5.0
SCF X KAI 27-02-2016;-1;46;25;20;11;46;29;20;-33;-5;63;-1;55;95;100.0;53;26;12;31;9;-7;-2;39;-11;-40.0;-22;-7;6;6;16.0;25;18.0;14;25;11;9;13;-42;-46;-24;;-11;-3;39;53;22;29;15;7;4;-2;4;6;-6;-7;5;10;-1;-1;-1;-6;-9;-6;-4;-3;5;31;39;-31;-12;-8;-26;-18;-4;-7;-6;-4;-4;62;-4;-4;19;30;19;17;17;44;26;16;74;2;0.0
BOC X SAN 27-02-2016;1;5;80;41;87;53;34;6;6;3;2;6;28;94;58.0;31;20;7;8;5;-33;-15;25;-6;-2.0;-4;-3;3;-37;-18.0;-8;8.0;-2;47;5;6;6;6;66;37;;30;25;53;34;35;18;-42;-51;-30;38;14;10;-32;-9;-39;27;-19;-2;-2;4;3;-77;-16;39;16;8;53;24;11;4;-75;-46;-53;-25;-19;-5;71;27;47;33;20;38;13;-30;-32;-23;-20;31;15;44;90.0
HEI X ARM 28-02-2016;1;-20;-8;39;19;9;-7;4;-2;-3;-33;-5;-21;-19;-33.0;-31;-23;-15;-15;-14;-97;-52;39;-36;-20.0;-11;0;-5;5;1.0;0;0.0;20;19;6;4;2;-10;-11;25;;10;11;47;63;14;-75;-18;-11;10;40;100;63;41;42;-32;7;-17;-42;-26;74;34;34;21;11;-7;-4;-32;-30;-24;-10;-2;39;27;15;7;7;5;-20;-61;-100;-86;-57;-15;54;28;12;-31;-26;-13;-31;-90.0
EBR X FSV 28-02-2016;-1;-50;31;51;31;-30;11;8;31;19;34;-50;20;7;2.0;-5;-2;-5;-2;-5;-2;1;-35;1;-15.0;-1;12;7;5;-29.0;-13;-7.0;-8;-51;-3;62;67;46;28;33;;21;6;5;4;-29;2;7;6;-29;-43;-24;22;5;6;7;-16;10;1;7;25;-34;-9;32;35;15;12;-5;13;6;3;3;7;15;59;41;-29;31;-2;16;2;1;4;-4;16;9;6;4;-4;1;1;20.0
DUI X STP 28-02-2016;1;-4;7;4;9;11;8;16;10;6;4;1;3;-5;1.0;16;54;28;13;-40;-18;-33;1;-18;-5.0;-4;-6;-6;-3;-6.0;-2;6.0;3;1;28;-20;-30;-22;-7;26;25.0;17;-24;-66;-37;1;-22;-12;-38;-12;-15;12;2;5;4;44;2;27;22;15;25;-94;-46;-26;-14;30;8;8;4;2;-6;-5;10;4;27;46;27;14;6;8;-11;-11;-7;5;9;6;8;-6;25;5;-6;-30.0
KAI X MUN 01-03-2016;1;-1;2;-4;22;22;39;19;17;-44;-55;36;-34;-15;-4.0;50;32;24;19;31;45;21;27;12;-15.0;31;12;7;4;5.0;2;7.0;5;17;9;17;16;10;-39;-13;-5.0;2;2;4;5;21;1;-2;9;12;15;12;10;28;19;14;13;81;51;26;18;8;-3;3;2;13;15;6;-28;-9;-3;43;-58;-21;-16;-2;43;28;-9;19;13;4;3;3;3;44;28;18;23;-2;15;40.0
DUS X BOC 01-03-2016;-36;36;22;3;-30;-16;46;20;18;53;27;-21;88;48;58.0;32;15;-5;-4;6;-40;-27;-42;-15;-49.0;-29;-4;-2;-1;1.0;5;2.0;1;-25;-1;5;2;1;-16;-6;0.0;-9;-7;-5;4;-15;9;4;6;2;4;-2;39;21;31;12;-6;35;17;-11;-42;-100;-67;-100;-65;-100;-41;-3;-25;-11;30;13;-76;-36;-22;-16;-15;-4;30;-3;5;-21;-12;-7;-5;-9;-4;10;3;18;-6;10.0
KAR X SCP 01-03-2016;1;16;20;28;7;4;2;1;11;2;-30;5;-20;-41;-24.0;-13;6;1;-5;1;1;1;8;1;-30.0;-16;-8;6;1;3.0;2;2.0;1;5;11;7;25;15;9;10;;7;-5;6;-30;-20;-21;-12;-2;6;4;3;1;1;1;1;-9;-5;-2;-6;6;-10;-5;6;21;42;26;51;-20;6;61;38;22;5;3;-2;-1;6;26;3;37;22;13;13;13;5;8;-5;11;16;1;0.0
SAN X NUR 01-03-2016;6;-5;6;2;2;1;2;-5;-6;-8;-4;-5;-2;26;20.0;18;11;7;8;4;8;-5;1;-30;-22.0;-8;-90;-53;51;7.0;-45;-17.0;-15;-4;-13;-82;-15;-29;-17;-5;;7;2;-53;33;-2;8;-8;8;13;8;1;3;-8;-32;-17;6;-2;13;8;9;47;59;31;20;19;10;8;25;17;-18;13;15;3;-9;-6;11;-19;5;-8;31;22;13;-74;-37;-23;-13;-12;-5;4;1;-30.0
FUR X UNB 01-03-2016;-5;44;23;-34;-9;-9;-11;7;24;36;26;-5;10;5;-6.0;25;16;39;23;44;13;12;7;9;5.0;-1;-11;-66;-94;-61.0;-37;-26.0;-11;3;5;6;-12;-11;-8;-17;;-12;-8;-46;-48;79;-29;-19;-13;-1;4;-7;-39;-24;-11;-8;49;9;-7;-2;-23;-15;-11;-3;9;3;-7;31;9;1;38;21;31;6;-32;-20;-7;45;20;62;73;43;99;50;26;-21;-30;-29;-17;13;-31;30.0
ARM X SCF 02-03-2016;1;-43;-18;-4;-6;2;2;-20;-40;-23;-18;-2;46;27;24.0;45;27;18;36;27;19;12;-1;7;78.0;51;24;13;11;5.0;1;45.0;-77;-22;-30;-19;-87;-56;-29;-18;;-11;3;-23;-50;-14;-27;-19;-4;13;16;-53;-37;-5;33;58;49;45;65;55;42;69;78;40;19;12;5;12;27;13;4;-9;-6;-9;-23;-22;-90;-57;6;-37;26;4;4;4;-29;-16;26;10;7;-77;1;30.0
FSV X DUI 02-03-2016;26;2;-4;-1;-6;-25;-95;-57;-65;-39;34;20;12;6;5.0;-49;-28;-20;-40;-22;-8;7;6;7;7.0;35;22;19;-34;-32.0;-50;-28.0;36;8;14;15;32;-40;-8;16;;7;8;8;80;4;52;27;14;13;1;19;1;-41;-29;-93;75;-57;-39;-57;-31;-40;-21;78;3;-5;36;14;67;25;13;14;1;-16;-88;-61;-42;-30;8;-27;-10;-16;-9;5;4;42;85;85;55;4;32;-175.0
RBL X HEI 02-03-2016;1;2;-5;6;2;31;19;27;21;12;5;1;3;-40;-57.0;-39;-22;-13;30;17;30;13;5;12;30.0;18;9;5;13;50.0;30;17.0;45;3;26;2;6;38;-31;-10;30.0;-1;6;14;14;7;49;40;29;22;13;-30;-9;81;49;55;4;70;52;100;68;39;51;35;20;22;15;3;38;19;23;10;12;12;9;6;66;75;6;46;69;43;43;99;56;32;11;6;7;4;25;20.0
STP X EBR 03-03-2016;11;19;-37;-23;-45;-61;-36;-24;-44;-20;55;1;25;20;18.0;-46;-20;-7;40;49;32;23;-12;12;23.0;41;3;1;-1;5.0;30;18.0;10;-38;-6;-1;-27;-21;-13;-1;-50.0;-1;-5;5;-1;-19;-6;-3;-6;-4;-7;-6;-5;-39;-25;-16;29;-11;9;-12;-11;-3;-4;-4;-4;-3;-14;7;-10;-7;29;12;16;7;7;30;-42;-36;8;-53;-38;74;29;18;-22;-5;-14;29;-12;35;-2;-45.0
MUN X SAN 04-03-2016;1;-19;96;-95;-25;-12;-42;-26;-3;-1;-5;1;6;8;55.0;38;19;6;-5;6;6;4;-5;83;50.0;30;-20;1;-5;-2.0;1;6.0;4;-7;-20;-19;-10;-1;1;-5;-5.0;-1;32;19;8;-43;1;-39;-23;-7;32;12;-39;-15;17;-4;-25;7;3;75;41;37;24;7;-43;-32;-22;-19;-20;-54;-51;-97;-54;-29;-11;8;-8;-7;-16;-7;-1;-3;-3;-8;-37;-19;-13;-50;-26;-38;-20;-15.0
DUS X KAR 04-03-2016;-1;14;5;2;20;16;48;28;16;17;14;-1;5;7;3.0;-1;-1;-5;5;29;17;14;-1;3;-31.0;-25;-95;-52;-26;30.0;13;13.0;6;-6;2;-6;4;34;23;13;;7;-6;-4;-3;-2;5;-1;-1;-5;-4;-3;-23;-14;-14;-4;-4;-3;-1;-21;-8;-1;20;5;3;-56;-33;7;-27;-16;-10;-3;-2;-42;-60;-36;-22;70;4;35;23;18;20;1;5;32;48;27;16;4;8;-5.0
NUR X KAI 04-03-2016;-6;-39;30;3;2;10;25;42;35;15;13;20;81;45;-76.0;-24;-12;-41;-27;-28;-15;-12;9;-3;-4.0;3;2;43;27;18.0;18;12.0;11;-6;12;12;7;4;-30;-10;0.0;1;1;1;1;-1;1;1;1;1;1;1;1;1;1;1;-1;1;1;1;1;1;1;1;1;1;1;-6;1;1;1;1;1;1;1;1;1;1;-9;1;1;1;1;-40;-22;-12;-7;76;65;-65;39;0.0
UNB X FSV 05-03-2016;10;3;6;4;-5;-1;-1;6;-5;-1;1;5;1;1;-10.0;6;77;47;35;68;42;21;-40;89;54.0;-38;22;11;100;72.0;47;33.0;16;-26;43;22;15;15;11;52;5.0;37;29;24;20;-15;10;7;-59;-61;-35;-19;-10;-9;-2;7;-5;34;22;20;18;2;2;-4;-2;5;1;-3;-51;-29;-12;-13;25;8;4;2;1;-6;1;-3;-2;-6;-9;-30;-23;-19;-11;-6;-7;6;1;90.0
SCP X FUR 05-03-2016;1;60;41;18;-19;22;1;1;2;3;21;1;89;24;15.0;10;5;7;10;7;-29;-13;45;-2;2.0;-4;32;59;26;12.0;-44;-76.0;-71;27;-55;-40;-14;-12;17;-9;0.0;-7;-12;7;28;12;49;37;25;12;8;-3;-42;-47;43;6;18;-8;3;6;3;-3;-3;-23;-18;31;22;42;-30;-17;-44;-23;-13;41;-40;-37;-22;-17;52;-7;-1;32;-60;-63;-100;-96;-53;-22;-9;32;-5;0.0
HEI X STP 06-03-2016;2;1;-17;-11;-13;-5;3;4;5;6;6;-3;11;9;13.0;10;12;8;16;15;13;-36;2;-16;-46.0;-68;-36;-9;-5;5.0;10;6.0;33;46;20;62;37;17;33;-40;;-14;21;17;29;73;20;27;20;91;53;32;43;26;10;36;54;52;29;18;11;-7;4;3;5;36;31;44;61;100;72;-108;-36;-16;-23;-13;-1;-31;24;-25;60;25;59;36;61;31;12;3;3;18;1;40.0
EBR X DUI 06-03-2016;-1;14;39;24;14;-19;22;7;10;12;29;5;42;25;40.0;29;16;18;6;-35;-18;-5;3;-3;-1.0;2;2;1;-5;-1.0;11;21.0;23;8;14;9;-40;-41;-19;1;-25.0;-30;-17;-11;-2;6;-2;40;23;13;6;8;1;-1;-1;-76;4;-46;75;-31;-1;5;3;-32;-16;-9;-5;3;-12;-10;6;6;3;3;7;4;22;13;23;-20;21;33;18;11;8;44;-35;-5;16;14;1;10.0
BOC X ARM 06-03-2016;-6;-5;-7;-1;6;2;-5;6;7;9;6;-2;4;-5;-1.0;6;33;20;13;8;-5;41;-1;23;89.0;49;40;41;55;38.0;23;9.0;4;41;-15;-8;21;10;11;-20;;-5;-25;-95;-57;29;-32;30;7;30;17;-31;-8;35;16;9;13;12;42;22;18;10;-25;21;4;2;6;-35;16;33;-30;-5;-3;36;17;13;8;-75;-20;-43;-20;-16;-34;-19;-11;-11;-6;6;2;-9;41;70.0
SCF X RBL 07-03-2016;1;38;25;12;4;9;5;5;-3;2;3;-40;-3;8;45.0;23;20;13;13;46;34;16;-23;11;-39.0;-25;-14;-6;-2;-4.0;-4;7.0;13;-11;9;2;-4;-49;-33;2;0.0;-4;-9;-38;-26;-4;-38;-25;-14;6;5;10;-80;-77;-70;-11;-25;-6;-5;-5;-14;-10;6;-5;-1;75;45;-10;-35;-3;21;31;19;24;10;10;10;11;-3;51;61;66;44;66;36;19;-25;-8;-2;3;1;-45.0
ARM X NUR 11-03-2016;-1;6;91;59;30;18;10;-5;-3;-41;-44;-5;-21;41;16.0;7;-15;42;39;29;44;-39;6;-48;-8.0;-3;7;5;2;22.0;13;8.0;1;1;2;-4;-1;-4;-1;2;-20.0;-4;-4;3;28;1;14;1;-3;-2;-5;-8;40;55;37;27;1;16;-76;-43;-21;-13;-98;-53;-52;-76;-45;1;-20;-7;5;93;15;8;4;6;-2;-6;-5;-32;100;61;1;1;-10;-11;-12;-80;-47;-2;-27;-70.0
STP X SCP 11-03-2016;-5;-51;40;6;11;10;12;3;-2;-1;39;-3;20;41;53.0;35;11;-77;-44;-30;-19;-12;-7;-3;19.0;13;26;19;10;-41.0;-21;-14.0;-4;-4;5;4;-51;-23;45;-31;;-7;5;35;21;20;18;9;84;46;25;18;39;11;10;-57;39;-26;-14;-9;-2;1;19;9;9;9;4;-41;-2;-6;-40;-25;-16;-10;-2;1;6;8;-45;5;-75;-12;-47;-28;151;84;53;34;65;-32;23;80.0
FUR X EBR 11-03-2016;-1;4;-2;-2;-1;-1;39;46;21;-42;-32;-5;-23;-21;-8.0;39;56;27;-22;-3;-11;-10;-3;-5;-80.0;-47;-27;-20;-16;-3.0;26;9.0;-20;-2;-7;-8;-6;-3;6;3;-10.0;6;-40;41;10;4;10;49;31;14;7;3;-7;-5;4;74;-2;13;-21;-8;-46;-99;-52;-30;-19;-49;24;-2;-6;4;-1;-31;-24;-24;-10;-6;-2;40;-1;43;29;47;67;100;62;36;18;2;5;-1;4;
DUI X UNB 12-03-2016;5;-37;-23;29;13;66;40;28;18;4;-37;1;-23;-20;-13.0;-8;-13;-39;-23;-14;-4;70;-47;41;4.0;1;19;10;30;19.0;15;-41.0;-15;-28;-11;10;-1;-31;-12;25;;8;-12;34;16;-47;6;7;8;-2;-7;-15;-5;9;-7;-8;-35;-5;-85;-57;-30;-9;74;44;-27;-2;24;-27;86;50;30;12;-52;-29;-18;29;9;13;-13;46;26;17;9;4;-1;4;-7;-8;-16;-14;-5;25.0
SAN X DUS 12-03-2016;1;-3;5;2;6;-6;-1;-1;-1;40;53;61;31;38;17.0;-11;-4;-2;-3;-32;-14;-14;37;-9;-26.0;-19;19;33;13;8.0;4;5.0;-32;1;-18;-31;-20;-18;-9;-6;5.0;-7;-69;-42;-32;-51;-21;-14;-16;-12;-4;3;-28;-67;-47;-30;-34;-20;-42;-18;-13;-10;-8;-9;-3;8;21;-40;75;37;-33;-7;34;10;10;37;26;100;-29;79;50;26;14;58;53;80;36;15;3;-11;-2;65.0
FSV X SCF 13-03-2016;-5;6;43;-51;-21;-53;-27;-19;-8;-4;29;-7;-26;-5;5.0;51;34;22;14;13;-5;-74;-5;-43;-100.0;-100;-63;-31;-17;-31.0;-15;-14.0;-7;5;-8;-2;-5;-2;6;-10;;-43;-24;-9;-5;5;-6;11;16;-10;6;79;42;25;16;10;8;1;22;53;32;20;-60;-48;-31;-17;-4;4;2;28;16;5;3;-5;-3;6;2;-5;22;-41;-19;-11;-86;-45;-23;-14;-83;-23;41;12;11;-80.0
KAR X HEI 13-03-2016;1;7;5;36;22;14;39;29;25;11;7;21;8;11;7.0;5;4;3;3;8;6;-4;33;32;19.0;17;16;16;3;8.0;5;4.0;23;21;45;67;6;-4;-5;-9;;-7;5;1;5;13;33;24;13;-31;-13;-5;30;15;40;28;9;16;7;9;33;25;16;10;6;2;-5;34;-1;1;11;2;2;7;4;2;-5;1;25;41;19;17;51;36;19;52;46;45;32;10;21;15.0
RBL X MUN 13-03-2016;1;30;23;-41;-21;-23;-16;-5;65;33;5;4;2;-31;-27.0;-16;-14;-3;4;7;9;2;-6;3;43.0;87;53;29;49;33.0;17;12.0;-8;50;48;27;13;19;19;-38;20.0;-38;-15;9;4;23;10;-72;-29;-14;14;15;18;18;44;23;13;76;98;61;87;65;100;61;65;38;25;2;12;11;11;37;18;42;26;56;68;62;1;36;23;7;3;-9;-3;7;14;10;8;5;6;-20.0
KAI X BOC 14-03-2016;1;4;-7;-4;-3;-2;-3;-62;-3;-2;-12;-2;-13;-4;-16.0;-10;-1;-1;-1;19;24;17;-1;9;9.0;12;40;22;-32;-7.0;-1;-4.0;29;-2;16;2;-22;-13;-16;-11;;-7;-9;-46;-58;-2;39;1;-1;7;55;29;16;9;9;5;-2;37;46;36;25;19;22;10;14;12;7;4;83;49;29;22;13;2;16;19;11;-25;-2;-10;-7;31;15;11;6;24;12;12;12;-7;-80;-35.0
HEI X FSV 18-03-2016;1;13;12;7;-11;-5;-8;-25;-45;-26;30;-6;3;3;-76.0;-42;40;47;28;22;-21;7;-3;32;18.0;17;23;19;-19;-3.0;37;20.0;-14;-7;1;32;18;12;10;43;30.0;8;6;6;10;-9;-8;3;-18;-8;-3;43;-30;-1;6;-30;-5;-19;31;7;9;8;-5;-2;31;22;8;-3;5;-30;-17;-10;-80;-47;-25;-15;-13;6;40;1;71;42;25;15;4;-2;1;96;62;22;-5;15.0
UNB X EBR 18-03-2016;-6;-14;-2;-2;27;18;16;10;7;8;10;-3;7;50;25.0;19;11;12;9;6;8;-5;-42;-29;-12.0;-7;-9;-4;-15;-9.0;6;-5.0;-7;30;6;1;1;-29;-9;7;;1;42;33;15;33;15;40;22;29;19;12;6;5;3;78;16;52;27;-74;-27;-15;-18;-4;9;6;9;30;82;30;28;18;16;40;31;19;17;11;22;-4;7;9;1;-4;76;14;9;1;7;-34;61;10.0
SCP X DUI 18-03-2016;1;-30;36;14;6;-5;7;2;-5;-1;6;1;3;7;5.0;59;35;36;27;56;25;-45;1;-22;-8.0;-7;31;24;10;1.0;-45;-57.0;-13;30;-12;-11;-2;-5;-12;-30;20.0;-16;-38;-21;-11;23;-3;2;3;-19;-13;-6;-2;12;-19;-5;19;-16;-8;-4;2;2;3;3;-4;2;-4;-20;42;24;16;6;5;1;-9;-8;-8;-8;36;-3;2;1;-4;2;1;22;14;5;4;11;2;-30.0
DUS X KAI 19-03-2016;1;-35;-15;-8;-29;-11;6;1;1;7;4;40;7;10;11.0;6;-5;6;-5;-1;-50;-34;59;-26;-20.0;-18;-7;5;-6;-3.0;5;6.0;77;45;56;27;5;77;-51;-1;-10.0;-1;-31;-14;-12;27;-31;26;2;-10;-13;-10;-12;-11;-15;-32;-75;-43;-64;-42;-28;26;-15;-79;-51;-9;-11;-32;71;50;30;15;-22;-8;-12;19;10;-27;-21;-7;29;11;-12;-2;-27;-15;-15;-9;9;-18;-2;65.0
SAN X STP 19-03-2016;-6;-47;-23;20;2;6;-16;-13;-15;-9;-6;-8;-3;5;-6.0;-7;5;-1;20;1;1;-31;-25;-48;-30.0;-17;-15;-12;-4;-2.0;-6;-3.0;6;-16;-40;-52;-35;-20;-12;-4;0.0;1;9;9;9;-5;-6;5;-1;-6;45;23;7;-11;-4;-1;-8;-1;-1;-6;-4;20;8;-6;-1;-21;-10;-5;-16;-10;-6;-2;-2;-6;-9;-11;-7;15;-2;5;8;-6;5;40;23;13;7;8;6;-77;-1;90.0
NUR X RBL 20-03-2016;1;-6;-4;5;-1;-31;-22;-44;-22;-8;-8;15;-5;-31;-24.0;-15;-9;-5;-1;-21;-43;-19;44;-15;-7.0;27;57;84;51;36.0;16;12.0;34;26;31;24;6;14;7;4;-10.0;7;55;29;39;20;10;7;2;-74;-37;-24;-2;-9;-28;-10;11;32;16;32;23;15;3;3;2;3;33;10;100;71;93;51;28;15;84;47;34;21;7;62;32;20;32;24;-65;-25;-14;-14;-13;-6;-22;145.0
MUN X ARM 20-03-2016;-1;-5;-3;6;7;14;9;5;-10;-9;-1;6;76;39;29.0;13;7;1;-9;-1;6;5;8;-3;-8.0;-2;-9;-63;-40;-36.0;-34;-47.0;-27;5;-58;-71;-39;-24;38;-3;-60.0;-14;-5;-4;-9;38;-36;-22;-14;-15;-5;-42;-61;-37;29;2;22;2;2;-2;-3;-43;-22;-14;-14;-10;-9;8;-7;4;3;-37;-16;-16;-11;-28;-15;-11;4;-17;-1;-2;-1;-2;-6;19;7;-22;-51;3;-1;10.0
BOC X FUR 20-03-2016;-1;-9;-6;-9;-86;-56;-28;-17;-10;-1;5;5;1;-1;-1.0;-1;-21;-13;-8;-10;-12;-46;32;-15;-11.0;-3;3;5;64;41.0;21;20.0;24;23;12;4;10;53;100;3;15.0;3;4;5;-9;8;7;2;42;26;72;43;27;19;22;-29;4;-50;-18;42;-39;-9;-6;-83;-51;-26;52;2;17;17;15;15;10;7;-5;-4;41;52;-1;32;25;16;7;2;-20;-20;-11;-5;6;-6;33;85.0
SCF X KAR 21-03-2016;1;7;-29;-13;-2;7;-4;-4;-5;-32;42;6;13;14;10.0;14;7;5;4;3;-4;2;4;2;-9.0;7;2;2;2;3.0;-24;-6.0;7;3;22;14;16;10;7;4;;3;2;6;34;3;80;100;75;55;31;-30;-3;-2;61;100;-4;68;40;24;30;13;3;-4;11;5;44;-15;27;12;7;5;11;2;-4;6;3;2;-8;2;-9;6;-4;6;-4;-4;6;3;2;-3;2;70.0
EBR X SCP 01-04-2016;1;-10;7;50;71;66;28;17;2;-30;-53;36;-25;42;16.0;13;16;10;-29;-9;-4;42;-74;88;55.0;93;91;52;31;18.0;5;40.0;23;-30;13;47;28;33;19;-6;20.0;5;-1;-21;-7;-16;60;34;22;16;6;-3;2;-3;-10;-4;-100;12;2;-39;-69;-39;-2;7;-9;-39;-44;-71;-31;-22;-11;-6;7;44;73;35;22;13;-35;-19;-10;6;46;33;27;22;13;5;3;-60;42;35.0
STP X UNB 01-04-2016;1;-16;-10;-11;-3;5;30;17;-11;-5;-22;-1;-24;-64;-36.0;-16;-7;6;5;-5;-40;-23;-15;-13;-12.0;21;56;34;15;5.0;27;8.0;-5;-9;-40;-57;-30;41;14;1;0.0;1;31;19;13;-6;-9;7;2;2;-4;2;-3;12;1;2;5;2;-4;-5;7;8;10;8;36;22;14;-1;9;6;17;-49;-21;32;6;3;6;9;-51;8;-40;-24;-19;-11;-1;2;32;10;6;-34;6;15.0
DUI X HEI 01-04-2016;1;-6;41;17;13;13;3;6;-5;6;3;-5;22;38;24.0;44;27;-80;-39;-52;-13;-7;-2;57;39.0;36;20;-40;-49;-24.0;-14;-7.0;-5;-6;32;13;4;-4;2;-19;-5.0;-4;-6;-2;42;-3;-79;-35;-19;-5;12;10;2;2;42;20;-1;-19;-2;2;-1;12;4;-4;7;4;-49;6;-21;-10;-5;-2;8;6;-4;2;-4;2;-40;-4;2;-4;-31;-12;-16;-3;6;5;28;-20;23;40.0
ARM X DUS 02-04-2016;1;-10;-3;-6;6;41;27;-39;-31;-12;-9;1;-9;7;5.0;4;3;23;40;65;35;2;1;-18;-11.0;-8;-3;12;14;4.0;4;-19.0;42;25;19;8;6;16;8;2;0.0;2;2;-4;1;10;1;-5;-2;-5;-2;1;1;15;5;-20;1;-49;-28;-22;-17;-13;-4;-2;41;19;17;-5;11;7;-20;-39;-53;-35;-20;-19;-33;31;-6;9;1;-4;16;13;13;19;12;7;-44;6;-33;0.0
RBL X BOC 02-04-2016;7;-16;-18;-4;7;35;17;17;11;7;-24;11;-16;-3;-35.0;-35;-17;-18;-5;2;42;21;8;9;1.0;2;45;34;29;62.0;51;31.0;32;57;23;45;30;2;15;15;15.0;7;3;31;13;50;2;76;44;59;100;70;86;51;27;15;31;13;4;47;68;100;100;74;41;41;-30;19;-9;11;42;24;17;50;59;32;14;9;12;2;1;11;1;1;-25;-13;-18;-85;-50;-24;-72;-5.0
KAI X SAN 03-04-2016;1;50;33;19;14;15;12;8;12;13;14;6;15;10;12.0;8;1;32;15;1;-8;-71;1;-17;-13.0;-5;-35;28;1;-53.0;-33;-60.0;-35;42;-28;-21;-10;18;10;-33;-35.0;-22;-14;-5;34;27;19;15;17;23;15;12;-37;-14;-6;4;57;4;13;5;6;-57;-28;-53;-33;-16;-34;65;-24;-71;-41;31;6;-4;5;4;-4;6;26;8;10;-29;-17;31;62;37;25;11;5;14;31;85.0
FSV X NUR 03-04-2016;-1;-26;-13;-3;4;-2;-2;-2;-6;-5;-4;-1;29;9;-7.0;-1;-1;-3;-7;-34;-25;-16;-6;30;-31.0;-9;-35;-16;-17;-8.0;-10;-4.0;-3;-5;25;12;7;-6;5;-6;-5.0;-5;-9;-12;74;-9;27;15;7;-37;-25;-91;-60;-42;-24;-23;-46;-17;-43;-9;-4;2;-9;-6;-29;-21;-100;-33;-86;-100;-95;-65;-58;-38;-41;-26;-24;-16;-20;-13;-18;-18;-47;-35;-28;-23;-90;-53;-38;-18;-99;-5.0
KAR X MUN 03-04-2016;1;6;10;7;-4;-3;-76;-39;-27;-9;-9;1;1;6;30.0;28;13;9;6;3;37;34;36;16;16.0;46;21;13;89;54.0;31;40.0;100;17;55;100;69;36;17;16;;5;4;4;4;6;2;32;19;17;11;27;9;11;-40;-13;-4;-8;-100;-66;-35;41;1;-50;-18;-5;6;2;1;5;3;2;7;55;34;21;13;8;22;2;2;7;-19;52;26;16;40;26;3;8;2;20.0
FUR X SCF 04-04-2016;-36;1;-5;-27;-11;-6;-4;-2;60;55;33;-20;14;8;-50.0;-30;76;34;-20;4;13;2;-87;2;3.0;2;-40;-57;-38;-27.0;-16;21.0;16;-56;10;6;9;14;13;1;5.0;-5;-3;-2;-1;-28;75;43;20;11;6;10;34;20;-76;-38;-14;-18;-53;-27;-51;-30;-14;40;68;46;26;-8;-47;44;-42;-61;-92;-48;36;45;35;31;5;-35;-31;66;41;24;27;28;22;17;16;3;6;35.0
HEI X EBR 08-04-2016;-2;-9;-37;-23;-15;-11;34;16;8;-7;-2;-7;-6;-45;-63.0;-39;-25;-16;-8;-4;-4;24;-11;-32;-53.0;-38;-21;-13;-10;-7.0;-2;1.0;-4;-18;-6;-100;-69;-35;-9;6;20.0;49;31;20;14;-42;84;54;33;17;11;-4;67;40;41;6;-26;11;28;18;11;2;-6;-5;-4;-3;5;-21;-31;-58;-35;-22;135;100;74;73;42;4;-14;-1;-1;-64;-39;-18;-11;-7;-1;-1;-5;-9;-33;35.0
MUN X FUR 08-04-2016;1;1;2;1;2;2;2;-4;2;7;4;1;3;3;53.0;32;20;7;10;3;33;25;-75;32;15.0;50;24;15;9;-29.0;-9;37.0;-29;-37;-4;2;36;25;23;2;-5.0;7;4;2;31;37;23;8;5;23;16;9;96;57;32;24;29;14;1;1;1;1;5;-5;56;32;19;18;-30;-10;-10;41;16;12;8;10;4;3;7;22;14;33;20;18;20;42;29;28;17;5;1;5.0
SCP X UNB 08-04-2016;-1;-31;-40;-26;18;-78;-54;-38;-24;-13;-4;-1;-43;-100;-74.0;-46;-29;-16;-9;-12;-9;38;-1;37;10.0;4;5;-3;-9;-25.0;-96;-58.0;-86;8;-51;-30;-13;19;14;-2;-35.0;34;18;69;40;-8;27;17;4;29;14;-22;-9;-1;34;22;-3;53;25;13;14;7;-2;-2;34;17;4;-4;41;23;30;16;29;17;29;14;7;1;-79;3;-2;-1;-2;-3;-3;-8;-6;-5;4;-49;4;0.0
SAN X ARM 09-04-2016;-5;1;6;3;-5;-5;-2;-1;1;1;1;-7;-45;-30;-17.0;-84;76;19;25;19;41;28;-9;66;42.0;49;39;54;30;19.0;31;14.0;3;-10;3;-4;2;1;13;2;5.0;23;10;8;6;-5;5;-29;-13;-6;-30;-24;-19;-12;-14;-3;-2;-7;24;-17;-8;14;-7;-9;-10;-32;-26;1;-21;-19;-22;-17;-91;-55;-34;-20;-93;-55;-5;-59;-100;-75;-60;-32;-23;-4;39;26;18;-1;15;-5.0
BOC X FSV 09-04-2016;-11;41;15;14;10;6;1;6;48;64;43;6;26;15;31.0;16;84;85;56;72;23;-40;1;-10;-5.0;-25;36;42;25;35.0;43;99.0;53;-75;62;36;11;1;2;1;-10.0;1;31;18;51;-48;65;38;20;52;48;-40;-8;31;11;5;-27;11;6;-40;-42;-30;-23;-13;-5;-1;1;-16;1;30;19;-79;-68;-39;-23;-17;-3;6;-29;5;4;-4;-13;22;4;-34;-12;21;76;-11;1;50.0
KAI X KAR 10-04-2016;-1;-6;5;-11;5;60;34;20;7;-12;-4;-1;-3;14;-12.0;-7;-5;-4;-4;-2;4;-2;-5;4;1.0;-2;4;6;2;40.0;23;12.0;6;-3;2;-7;-5;-4;-3;-2;15.0;-1;-2;-1;60;-7;34;20;7;3;-7;-4;-2;10;9;5;-4;43;25;14;7;9;-6;-1;30;16;19;-3;11;11;4;7;3;-31;-12;-8;-10;-21;-7;-11;15;13;28;12;6;2;-6;-9;-6;5;-4;30.0
NUR X DUI 10-04-2016;1;46;28;17;10;3;-5;-6;-3;-1;-65;1;-37;-1;-5.0;51;33;22;9;19;15;16;-5;7;72.0;50;37;24;-73;-36.0;-49;-22.0;-5;-1;9;13;12;-28;-12;5;-10.0;32;24;9;-46;6;-21;-13;-46;62;25;7;1;5;2;-4;8;-94;-48;-7;77;45;10;37;-34;-6;32;5;15;38;27;17;60;27;21;44;28;64;4;40;60;35;22;16;11;-9;-6;-2;-5;53;-56;5.0
SCF X STP 10-04-2016;61;-8;-1;2;37;3;-29;-20;-6;-5;2;41;2;2;37.0;23;16;12;10;11;-22;-6;45;-5;9.0;4;17;53;59;100.0;79;69.0;38;100;21;7;9;-5;6;-40;;-15;-10;-2;-2;62;-6;-9;20;11;6;-136;-78;-49;-30;-19;3;75;42;19;5;2;5;-6;-3;6;3;2;2;2;2;-5;-1;-19;-86;-55;-31;-18;1;-3;-5;6;64;43;46;100;62;38;18;-23;9;-80.0
DUS X RBL 11-04-2016;-1;-6;-45;-28;25;8;79;49;23;11;5;-5;-42;-41;-19.0;65;30;-21;-2;-21;-8;-6;90;-13;-9.0;4;4;-2;-2;-62.0;-67;-46.0;-8;90;-11;-3;-2;-1;-8;-37;-75.0;-22;-19;-57;-100;52;-54;-28;36;25;26;15;14;11;-15;6;50;5;8;15;15;9;11;11;11;7;9;34;6;3;2;-95;-55;-22;-12;-6;3;2;8;1;6;4;-5;-5;-2;-6;-28;-15;-8;1;-4;
FSV X SCP 15-04-2016;-5;1;1;1;6;9;6;-5;-19;-6;-3;11;-6;-3;1.0;6;-5;6;4;3;7;-10;10;6;2.0;42;45;33;20;18.0;8;4.0;3;6;2;2;2;-10;31;16;-5.0;41;31;16;6;4;-78;-49;-27;-24;-26;-12;-10;-4;-4;-4;3;-5;-5;-41;-27;23;35;-74;-20;-15;-13;2;-13;2;-4;2;6;6;5;10;32;20;1;9;7;-29;-14;-6;-2;2;4;-9;22;1;67;65.0
DUI X MUN 15-04-2016;1;-31;-18;-10;25;19;11;6;9;23;53;1;51;-31;5.0;1;-2;-8;-3;-52;-31;-44;5;-26;-15.0;-6;-3;-1;-5;-3.0;10;9.0;-6;3;5;2;-1;-1;4;-6;0.0;-8;5;-1;-1;1;-6;-4;-4;4;-2;-37;-17;-16;-5;-4;-6;-32;-19;-12;-11;-80;-38;-21;-11;-4;-34;-2;-17;-9;-4;-1;3;78;52;37;28;23;-6;28;16;39;22;13;6;78;14;48;28;-44;17;-35.0
RBL X SAN 15-04-2016;1;43;47;12;14;5;-3;-1;-3;3;7;-10;-38;-7;-1.0;3;2;56;34;26;17;-24;-34;-40;-27.0;-20;-10;22;13;45.0;28;100.0;64;-20;44;20;13;-4;2;2;0.0;-4;2;11;-57;-9;-26;29;5;5;50;43;21;21;60;40;8;26;19;13;-72;-37;-19;-3;4;3;4;-23;4;-43;43;72;45;34;25;14;11;38;-8;24;36;18;12;12;14;9;27;18;12;8;3;70.0
STP X BOC 16-04-2016;-1;-6;-44;-36;-17;-9;50;28;47;22;7;-1;-1;-1;-72.0;-63;50;12;26;20;13;3;-5;41;22.0;12;1;49;25;19.0;20;16.0;5;40;12;31;-31;-9;-1;-21;0.0;-13;15;4;2;21;2;6;42;60;40;24;14;5;-6;50;12;-31;40;42;25;11;84;46;26;10;11;6;1;-1;5;3;-41;-43;-26;-21;-18;-33;4;-48;-29;-22;40;37;99;63;77;-61;-7;-10;5;-5.0
KAR X NUR 16-04-2016;-1;1;4;-7;-2;-3;9;2;1;-12;-2;-1;-2;-2;-32.0;-14;-9;-1;-12;-5;-4;-3;-1;-22;-12.0;-47;-33;-14;-37;51.0;14;-20.0;-11;-36;-9;-69;-35;76;33;6;0.0;3;1;-2;19;-22;8;3;-2;-7;29;12;5;1;54;28;-9;-22;-34;-22;-18;-7;-4;4;-2;3;-7;-6;29;13;6;2;6;-1;-51;-30;-9;-6;-4;9;5;-6;-33;-20;-13;39;52;32;13;4;-61;40.0
UNB X HEI 17-04-2016;-1;-29;-20;-16;-13;-7;-1;2;1;47;29;47;13;8;11.0;4;-19;-8;-4;41;97;64;23;38;82.0;16;9;10;6;1.0;51;30.0;17;14;10;16;6;8;5;-5;0.0;1;-20;-10;-5;14;-6;-32;-36;-15;-48;-22;27;16;5;2;9;7;33;-29;-34;-13;-7;-5;2;3;2;3;-9;-13;-2;6;-5;-19;-5;-2;-6;-17;3;-8;-14;-2;6;54;33;16;9;11;-5;3;1;15.0
ARM X KAI 17-04-2016;1;-4;-2;41;25;45;27;-20;-4;-31;-22;5;-14;-8;-25.0;-44;-27;29;6;4;3;61;4;13;6.0;3;10;21;-22;-5.0;-3;4.0;-6;-5;-3;-53;-47;-39;-24;-10;-5.0;-2;31;13;8;41;10;37;20;13;8;10;4;-5;36;26;29;15;4;-5;11;4;3;22;44;26;-25;-30;-4;-78;-43;-20;-9;-5;-5;-21;-17;30;-6;11;7;5;-60;-35;-21;-12;15;18;11;-3;-20;-10.0
FUR X DUS 17-04-2016;6;1;75;41;24;15;9;1;1;-95;-70;3;-41;-23;-18.0;-3;76;44;27;17;6;2;-25;2;-4.0;42;44;-44;32;13.0;1;2.0;19;-7;-29;-5;22;16;84;7;-10.0;-4;-1;-32;-30;-8;-25;-16;-40;-28;-17;-11;-13;-16;-10;-56;-10;-39;50;-61;-22;20;25;40;67;31;13;-10;-19;-13;-14;-6;-2;-38;-26;-19;-10;-4;-3;7;5;4;3;2;-40;-57;-43;-20;-12;-2;-8;20.0
EBR X SCF 18-04-2016;1;25;15;4;2;1;1;1;6;4;-30;1;36;17;50.0;35;29;15;14;6;4;-5;30;-5;-2.0;-6;-12;-6;-2;2.0;6;11.0;7;13;6;9;31;24;21;13;70.0;-39;-10;-9;7;3;-3;13;49;31;15;86;42;24;91;56;2;34;23;45;23;20;38;29;22;35;22;1;8;-79;-47;-33;-18;32;20;13;5;-9;6;-8;-43;-29;-20;-14;-8;-1;-35;-15;-18;8;-10;-90.0
DUS X STP 22-04-2016;6;2;9;3;-3;-2;-3;-5;-5;48;24;3;-33;-27;-18.0;-16;-6;-3;30;11;6;23;4;8;32.0;29;82;77;41;21.0;11;2.0;5;-3;7;4;2;1;-1;5;-5.0;-41;-19;-41;-30;73;-23;-11;-7;30;16;14;3;-61;-77;-46;40;-23;-18;-6;-1;-1;-1;-1;-1;5;7;22;8;35;-76;-33;50;-41;-11;-6;-4;-1;10;1;-6;-2;-1;-41;-45;-21;-13;-8;-7;9;30;40.0
SCF X DUI 22-04-2016;1;42;56;34;15;6;4;23;16;17;-28;1;-7;-3;13.0;8;84;52;37;-34;-1;-5;2;-1;-25.0;-6;82;47;29;40.0;29;18.0;16;3;11;1;1;-4;-1;2;-5.0;7;1;3;4;3;4;-38;-23;-11;-34;-23;-13;-10;-9;8;3;10;3;9;3;-3;8;66;41;47;50;8;31;20;14;8;35;23;20;8;7;18;46;88;48;31;40;54;28;14;10;6;3;34;-58;0.0
BOC X KAR 22-04-2016;2;27;75;47;25;17;10;4;34;17;12;63;9;7;-48.0;-29;-15;-7;-17;28;14;-20;39;-41;-18.0;-12;31;10;4;-5.0;6;-30.0;-16;25;-9;-69;-71;-39;31;4;;12;10;6;-45;17;-25;-14;43;26;21;9;38;26;17;87;42;54;37;28;-28;-40;-11;-10;-4;33;22;22;12;2;-1;-42;-50;-25;-15;-9;-3;-6;10;-3;-47;-28;-17;-15;-14;-35;-19;-85;-44;8;-29;5.0
HEI X SCP 23-04-2016;1;-1;6;3;8;5;8;10;31;29;-30;1;-12;-6;-100.0;-100;-100;-77;-40;-10;1;-40;80;-16;-15.0;-10;10;-6;5;2.0;-6;5.0;20;53;41;19;11;-21;-10;-8;0.0;-31;-18;40;76;32;44;2;-1;-3;-2;-7;-3;-2;-2;-12;19;-8;-5;-9;-11;-16;-5;-4;-3;-2;-6;7;-5;-3;-8;5;9;44;25;15;-31;30;-5;-41;-39;-13;-6;-16;-6;-2;-2;30;22;-3;-51;5.0
NUR X UNB 23-04-2016;1;13;9;1;-4;-16;-3;-1;12;12;10;-5;31;15;9.0;-74;-19;-7;7;37;69;55;-76;33;15.0;-19;-8;26;16;10.0;8;5.0;-5;-44;-1;41;33;60;36;22;;10;5;-6;45;-25;59;30;13;8;1;50;3;2;6;8;-13;1;77;41;18;5;3;20;100;62;42;-1;30;21;5;28;17;85;50;70;45;27;25;11;7;-20;-10;-5;61;79;79;47;-35;21;41;115.0
MUN X EBR 24-04-2016;5;-3;-2;-1;4;22;12;-21;-2;-2;40;2;21;8;4.0;32;20;11;1;-1;25;16;6;9;45.0;26;17;39;22;49.0;58;38.0;15;33;8;1;-2;-2;10;4;0.0;-1;-1;-7;-10;59;-12;-8;-6;-4;19;44;65;42;24;11;29;3;4;-2;43;24;13;36;20;3;1;-26;-6;-5;-4;-2;-2;-11;-2;-7;-75;-65;-5;-53;-33;-60;-26;-9;5;60;57;100;68;5;44;-40.0
ARM X FUR 24-04-2016;1;14;10;3;1;1;-79;-45;-30;-12;-11;1;2;77;41.0;20;13;8;2;17;6;-4;100;-29;-15.0;-8;-33;-23;22;7.0;5;26.0;17;67;5;4;-4;-5;-2;-19;0.0;2;-3;3;-3;61;8;80;50;32;66;46;-88;-36;-14;-9;87;78;51;32;21;9;2;-38;-89;-50;-27;32;-19;-7;1;-4;-1;96;57;55;74;45;32;25;16;9;23;34;21;8;6;-4;6;25;-4;-75.0
SAN X FSV 24-04-2016;1;1;24;19;10;5;-46;-22;-14;-4;-8;1;-2;-1;-1.0;-6;-3;-62;-37;-27;40;9;-20;14;8.0;10;2;-6;-32;-24.0;-15;-9.0;-10;-16;-5;-4;4;-2;-1;4;;5;1;-2;-1;15;-2;-7;-15;-5;-4;4;-12;-6;-5;79;1;43;30;47;32;42;-32;-5;-6;-30;-21;-1;-11;-2;-2;-2;-1;49;27;20;5;-32;-1;-22;-20;-19;-13;-12;-9;-7;-6;-15;8;5;-3;-30.0
KAI X RBL 25-04-2016;-6;-7;-7;-5;-59;-41;-26;-12;-13;-5;9;-10;1;-7;-14.0;-15;-6;-34;-25;-15;-14;-14;-12;-7;-4.0;-3;5;1;-1;-6.0;-24;-15.0;-9;-9;-36;-22;-22;-4;-3;9;30.0;10;-21;-14;-5;-2;-5;-5;4;9;13;6;-77;-45;-24;-22;19;-19;-13;-39;-60;-22;-14;-10;-5;2;32;4;15;16;21;14;8;6;5;39;-39;-17;-7;32;14;7;9;82;28;13;9;-9;-5;-8;20;-5.0
UNB X BOC 29-04-2016;-1;5;51;30;22;12;6;4;2;-1;-1;-1;5;11;6.0;20;8;11;18;37;-29;7;10;32;20.0;6;7;55;32;26.0;12;9.0;-9;5;-2;-30;-10;22;41;21;;13;11;3;-1;7;-7;-3;6;3;-5;-4;-41;31;-5;-24;3;-8;6;95;58;37;67;40;18;11;2;-6;61;-40;-31;-22;-12;31;15;52;32;60;-8;100;70;34;21;10;1;5;-5;1;1;5;50;-50.0
STP X MUN 29-04-2016;-1;-53;-31;-44;40;14;37;2;-41;-25;20;-1;-6;5;-6.0;-1;-2;-21;-13;-13;-6;-7;-1;12;-4.0;1;42;46;12;8.0;6;6.0;3;5;44;27;57;29;68;48;;24;10;10;5;2;6;7;8;28;20;10;9;9;-32;-13;-6;-4;-43;-22;-11;-13;-9;5;4;41;24;-2;18;9;-6;40;20;10;5;2;-2;-2;-22;-2;5;-1;-26;-21;-13;-14;-13;-80;-16;-88;-19;-35.0
FSV X KAI 29-04-2016;-1;36;20;11;7;3;-1;-1;-1;-1;-6;-1;-9;-1;-1.0;-1;-76;-45;-28;-17;30;11;-1;10;-6.0;1;21;11;11;7.0;4;1.0;5;-5;2;6;14;13;7;6;5.0;32;22;16;12;25;10;46;25;17;13;10;6;4;-4;2;87;-4;-36;-20;-61;-40;-27;-12;-6;-4;-1;51;-19;-15;-13;-6;-7;-8;-10;-5;-3;-82;25;-53;-26;-21;-17;-4;-67;-20;-17;-90;-100;14;-70;-100.0
DUI X DUS 29-04-2016;1;15;-9;2;-4;-2;-5;-1;2;6;9;1;37;43;31.0;19;7;-34;22;7;6;5;6;7;4.0;44;22;15;5;-29.0;-16;-2.0;-4;4;2;3;3;-4;7;2;5.0;2;72;33;15;8;4;-45;-34;-23;-68;-44;-32;-18;-14;71;6;35;17;5;-15;-15;-7;-11;-9;-87;-54;9;-35;-38;-25;-22;-15;-17;-11;-34;-22;-16;6;-12;-9;-1;3;-3;-3;-15;-32;-42;-17;24;-8;-5.0
RBL X ARM 29-04-2016;-5;-10;61;27;19;16;10;2;1;1;-10;31;-9;-4;-2.0;1;6;4;3;2;7;34;16;96;57.0;65;43;24;14;39.0;-35;31.0;9;10;-60;-28;-8;-6;-3;1;65.0;1;-4;-30;-12;6;-6;-2;-20;-18;-10;-5;12;7;1;1;-5;-94;-54;-66;-8;-8;2;12;11;-9;-31;-2;32;7;-9;7;30;16;10;7;4;1;-30;1;6;-5;1;6;4;2;32;20;12;-17;1;75.0
SCP X SCF 29-04-2016;6;26;16;10;7;2;7;5;4;3;42;4;26;16;-24.0;-7;-36;-20;-16;-11;-26;-2;-4;7;4.0;24;-24;-3;-1;7.0;33;23.0;10;22;7;25;14;-34;-42;-24;-20.0;-104;-59;-73;-100;47;-67;-35;-59;-30;-6;32;18;20;88;59;29;34;-24;42;19;12;4;11;45;28;18;18;18;11;35;22;-24;7;2;2;-23;-11;12;-35;-14;-7;-1;12;59;56;39;24;10;46;3;55.0
EBR X NUR 30-04-2016;5;12;8;36;30;18;-29;-9;-6;7;6;3;12;-24;-13.0;-7;-3;7;-4;6;34;26;33;11;8.0;5;-4;-31;-22;-8.0;6;35.0;23;20;-80;-34;-20;-14;71;1;0.0;-5;-2;-1;-35;13;-25;-14;-13;-42;-82;-53;-26;-15;21;100;8;100;59;5;-5;-72;-43;41;86;51;35;5;21;15;3;7;9;6;-50;-26;-90;-53;32;-11;21;-45;-14;-52;-32;-25;-11;-1;8;19;-40;-50.0
FUR X HEI 30-04-2016;-5;-12;-17;-4;-2;20;10;-11;-46;-87;-53;11;-36;-21;-9.0;5;-21;-50;-49;-29;40;54;4;-36;1.0;-11;-38;-65;-20;41.0;48;31.0;17;2;9;3;21;-70;-33;-14;;-7;-20;-11;-6;1;-3;-46;66;24;20;42;29;13;-75;-38;1;31;-5;1;26;46;26;16;5;2;-24;-75;-8;-4;6;2;3;-5;6;32;14;8;-49;-20;-13;21;1;1;7;10;35;16;40;-29;23;0.0
KAR X SAN 02-05-2016;1;2;2;2;2;-4;-5;-22;-32;-18;-9;1;-4;19;20.0;16;3;1;19;-42;64;-42;1;-14;-10.0;-14;-14;39;24;23.0;13;7.0;5;22;1;-2;-21;29;-32;-13;;-9;-19;-10;-4;19;-1;2;-14;7;52;36;-59;-14;12;7;17;13;23;25;20;23;19;17;15;90;59;11;36;27;22;13;9;7;-23;-4;7;4;7;4;6;5;4;99;61;38;24;91;54;4;34;-20.0
KAI X FUR 08-05-2016;-1;9;1;-39;-51;-25;37;13;32;97;58;7;63;33;4.0;-2;32;16;11;8;11;-4;-29;1;-59.0;-32;-23;-12;-10;2.0;12;88.0;53;-14;38;24;20;17;11;7;0.0;2;2;-29;-9;-7;-3;22;13;21;9;17;15;10;12;44;7;27;-24;-2;2;-41;-22;47;17;12;11;1;13;46;100;63;38;13;6;2;2;1;-4;-4;-29;-16;-48;-67;-38;-24;-13;-3;7;7;2;-5.0
NUR X STP 08-05-2016;1;45;27;22;14;7;83;70;42;66;70;1;36;21;100.0;62;35;22;19;5;-5;-5;1;-2;-6.0;-8;-4;-1;21;12.0;8;-60.0;-31;-4;-14;-8;-4;2;31;-5;5.0;21;16;-44;-18;27;-4;-7;-8;2;-3;-21;-11;-4;-1;-19;15;32;13;4;4;10;40;25;16;31;9;15;4;-4;-5;-13;-6;-2;1;-4;-35;-25;9;56;25;16;13;4;-30;-47;-32;21;2;27;-4;-60.0
MUN X SCP 08-05-2016;31;3;72;44;27;17;11;7;25;41;20;18;18;-39;-17.0;-8;-10;-7;-42;-56;-34;-21;7;-38;-15.0;-2;5;-1;6;2.0;-21;-17.0;-12;-9;9;34;25;8;-22;-11;-10.0;-42;-76;-46;-54;-6;-78;-49;-61;-37;-21;35;24;66;43;54;-5;9;-41;-51;-31;-46;-22;-6;40;22;14;-7;3;6;60;35;95;86;50;35;20;6;7;41;24;13;7;4;-1;25;3;-6;-2;2;-6;-20.0
ARM X UNB 08-05-2016;-1;31;27;54;-43;-17;-12;-14;-53;-40;28;3;25;8;1.0;-3;-14;-12;60;31;18;-41;-8;-16;-9.0;-1;-5;40;23;18.0;55;32.0;21;-5;12;1;-2;-36;-27;-16;-5.0;-1;-1;-37;-24;-10;-16;-16;-11;34;50;28;10;4;3;29;-8;19;10;44;29;13;6;41;-22;-1;14;-7;11;-62;-64;-69;-43;-32;-16;-8;4;-2;-5;-6;-5;4;-2;-2;-2;69;18;-22;-97;68;-59;35.0
DUS X FSV 08-05-2016;1;15;15;22;43;24;20;7;49;28;24;21;16;7;3.0;4;-13;-3;8;-3;7;-28;18;-15;-7.0;-1;8;38;30;25.0;67;100.0;96;62;53;32;21;3;12;2;-5.0;-19;-10;-5;76;37;42;22;13;3;-8;-4;-7;-3;-6;-3;18;21;16;-10;-5;-2;6;91;50;25;15;-34;-15;-14;-43;-24;-9;-9;-57;-33;38;8;-3;3;-32;-17;-15;-15;23;8;3;-7;28;32;16;0.0
SCF X HEI 08-05-2016;1;22;23;19;11;24;15;28;21;13;6;-45;4;31;23.0;14;8;5;1;10;33;11;-25;4;-53.0;-23;18;-3;-3;-8.0;-2;-5.0;-1;-14;-3;-9;38;10;3;-23;;-14;-8;29;-87;-3;-8;-36;-23;-12;4;4;6;7;2;-2;-1;4;4;5;1;-37;-23;-10;-3;34;24;2;15;14;8;8;34;21;17;-20;6;41;1;62;37;24;19;8;32;39;99;58;-60;46;-16;75.0
RBL X KAR 08-05-2016;6;10;7;54;30;19;11;7;-20;46;16;3;10;1;3.0;31;27;11;12;12;5;2;2;-20;-15.0;-4;61;39;19;17.0;10;1.0;1;2;5;-6;5;31;17;9;;5;7;-6;5;6;-1;4;41;64;35;18;17;5;2;-8;-5;-6;-1;18;6;7;11;-8;8;10;38;1;25;18;47;30;18;-18;-41;-29;-25;-12;35;-38;-12;-4;23;34;25;22;90;54;63;16;-45;-45.0
SAN X DUI 08-05-2016;6;25;14;10;5;-7;-9;-21;-19;-7;-4;2;-43;-50;-25.0;-21;-13;-6;34;17;39;51;-7;27;11.0;-23;-14;-8;-7;-12.0;-8;-12.0;-15;-3;-1;48;20;4;5;-8;;-9;-7;-6;-7;-3;-6;-6;-31;-26;-23;-56;-36;-27;-23;-16;-3;23;26;23;6;2;3;3;19;30;86;24;48;21;4;-2;-7;93;46;26;8;-12;12;-87;-53;-58;-100;-67;-36;-23;48;55;35;36;74;15.0
BOC X EBR 08-05-2016;-5;-25;-13;-2;-5;-29;31;8;-25;-10;-13;-6;16;4;-9.0;-6;-2;12;26;92;56;29;-3;17;5.0;-21;-11;77;42;-44.0;-8;27.0;8;-21;10;-14;-1;-51;-24;-23;;-12;-28;-44;-32;-11;-60;-36;-26;-14;-9;-3;-78;-42;29;1;-10;99;100;-77;-11;-3;-8;31;13;-65;-33;-5;-14;16;3;7;4;7;3;2;1;1;-77;-30;-36;-41;-39;-23;-11;-4;1;30;18;-43;11;65.0
HEI X BOC 15-05-2016;1;6;1;-20;-14;-8;-34;-24;-12;-6;-2;-75;1;36;42.0;31;24;20;35;-30;-5;-2;-23;21;5.0;-24;-89;-41;-20;-10.0;-7;17.0;10;-13;37;28;18;26;16;9;;46;32;17;10;16;5;35;15;9;-6;-26;-92;-59;-70;-46;45;-100;-44;-26;-8;-9;5;2;41;-76;-25;33;35;31;20;58;60;33;19;11;79;40;19;-35;6;-24;-24;-43;-22;-13;-20;-6;1;12;1;95.0
UNB X SCF 15-05-2016;1;9;6;7;3;5;-17;-5;-15;-50;-37;-30;-22;-15;-10.0;-9;-6;-4;30;10;21;7;-16;4;4.0;2;-36;-20;45;13.0;7;11.0;1;-13;-2;-16;-15;10;-6;-8;5.0;-1;-5;-2;-1;-12;-50;-19;-5;-2;51;38;42;25;20;4;-9;2;21;32;19;12;2;1;76;18;15;-10;14;8;-1;-1;-11;-41;-20;25;82;49;-17;36;20;10;-21;-52;-36;-27;-66;-33;-22;-6;-13;-85.0
EBR X DUS 15-05-2016;20;-22;-14;-5;-4;-33;-20;44;-27;-5;-6;15;-4;-7;-3.0;49;37;16;8;5;-4;21;8;10;1.0;1;36;20;27;17.0;10;4.0;2;33;5;3;2;-5;-21;-32;;-19;-12;-13;-12;19;-6;40;19;11;11;65;90;52;30;16;13;4;5;-1;-1;5;-6;10;-6;-2;-2;-52;-2;-2;-6;-4;-78;-42;-25;-20;-17;-5;-26;45;53;31;-81;-37;-20;-30;-18;-5;-3;-18;-3;0.0
STP X KAI 15-05-2016;23;4;-4;-5;-2;2;2;21;-29;-8;-9;21;-4;-3;1.0;76;46;28;13;8;-1;10;99;4;1.0;-1;4;-6;40;41.0;28;40.0;74;-74;40;21;11;34;11;10;10.0;-8;-7;-27;-19;77;38;12;5;1;-3;-6;12;16;87;58;39;37;23;19;42;36;29;25;17;-18;-48;23;-51;-28;73;31;13;-33;-91;-62;-35;73;13;25;22;15;11;8;6;-5;-80;-42;61;14;40;
FSV X MUN 15-05-2016;6;-11;-5;7;-9;-7;-2;-25;-19;-9;7;8;1;3;3.0;3;2;2;2;2;6;8;5;75;39.0;13;7;4;-7;-4.0;-1;6.0;-40;64;-26;-25;-10;-11;-3;-1;;1;1;1;-74;34;-46;-25;47;50;37;24;15;82;48;30;26;14;15;10;2;8;-19;-51;-29;-15;12;-19;9;20;18;21;17;31;18;11;2;1;-1;1;51;51;36;32;15;-29;-14;-3;71;-4;41;-65.0
KAR X ARM 15-05-2016;1;21;7;4;45;27;15;14;8;2;6;1;9;10;6.0;-5;1;6;3;2;-5;1;1;-4;-82.0;-58;-33;31;7;16.0;21;13.0;11;1;7;4;7;5;8;-5;;1;-5;-2;-2;5;66;43;25;20;12;-10;-64;-38;-23;-8;3;41;60;41;-35;-6;41;22;12;-25;-3;7;-10;-6;-48;-26;-15;-8;6;3;-5;-21;-35;-12;-82;-48;-28;-14;-8;20;2;2;6;-12;1;45.0
DUI X RBL 15-05-2016;-1;-1;39;31;22;22;16;12;1;5;-5;-3;-21;-18;-15.0;-9;-35;-19;-16;51;84;64;-40;46;55.0;66;75;48;23;-41.0;-19;-9.0;-6;-27;-3;-1;5;7;9;-11;5.0;-6;-5;-34;-17;-19;29;9;-7;-7;-14;-12;-13;-9;-26;-16;-14;-11;-7;-6;4;-7;44;22;-22;-1;-2;-6;-2;-3;-2;-4;-9;73;37;15;7;7;-4;1;1;-5;26;15;14;4;4;1;-6;-5;-4;25.0
SCP X NUR 15-05-2016;-41;60;30;58;35;24;12;7;1;-5;36;-54;-90;-47;-27.0;41;17;12;3;7;-5;-2;-27;6;-5.0;-5;-7;-24;-9;-9.0;6;5.0;5;-16;53;37;52;25;-20;-35;40.0;4;5;6;3;-9;41;38;17;-21;-26;-29;30;11;52;27;6;41;26;34;16;29;10;5;-6;-2;-8;-5;-10;-1;-6;5;-6;-3;-2;-6;5;5;61;33;19;82;18;45;54;-75;-30;40;11;60;0;5.0
FUR X SAN 15-05-2016;7;25;16;9;11;13;3;3;3;8;10;26;83;50;26.0;16;11;2;7;-60;-57;-28;97;-17;-30.0;-18;-8;-10;41;22.0;18;-50.0;-22;59;-15;-14;-13;-74;-43;-20;60.0;6;-5;1;7;76;5;9;2;-19;-8;22;5;10;4;-4;46;2;-3;2;-3;2;-28;-15;82;45;-39;52;7;1;-8;-74;-40;-18;-39;-27;-4;62;31;35;24;10;2;-27;32;10;12;8;8;20;3;0.0
